leave_id,employee_id,leave_type,start_date,end_date,status
1,52,Casual Leave,8/27/2024,8/18/2024,Rejected
2,123,Paternity Leave,1/25/2024,5/9/2024,Rejected
3,49,Sick Leave,4/28/2024,9/29/2024,Rejected
4,48,Maternity Leave,7/23/2024,9/26/2024,Rejected
5,491,Paternity Leave,8/11/2024,11/13/2024,Rejected
6,354,Annual Leave,7/7/2024,5/31/2024,Rejected
7,161,Annual Leave,5/5/2024,10/8/2024,Pending
8,500,Annual Leave,6/9/2024,7/4/2024,Rejected
9,160,Paternity Leave,6/4/2024,10/23/2024,Approved
10,325,Paternity Leave,8/7/2024,6/11/2024,Pending
11,463,Maternity Leave,1/14/2024,11/5/2024,Pending
12,300,Annual Leave,3/19/2024,10/26/2024,Approved
13,356,Maternity Leave,4/16/2024,6/18/2024,Rejected
14,96,Casual Leave,1/26/2024,9/23/2024,Rejected
15,40,Casual Leave,8/19/2024,10/5/2024,Rejected
16,205,Sick Leave,1/26/2024,10/20/2024,Approved
17,362,Paternity Leave,2/29/2024,9/2/2024,Rejected
18,135,Sick Leave,6/29/2024,3/30/2024,Pending
19,301,Maternity Leave,7/2/2024,9/3/2024,Approved
20,471,Annual Leave,9/18/2024,10/8/2024,Rejected
21,486,Sick Leave,6/26/2024,6/22/2024,Pending
22,336,Maternity Leave,2/14/2024,11/14/2024,Approved
23,64,Casual Leave,9/4/2024,4/28/2024,Rejected
24,123,Casual Leave,7/17/2024,9/28/2024,Pending
25,482,Paternity Leave,2/28/2024,11/9/2024,Pending
26,357,Maternity Leave,7/18/2024,1/24/2024,Pending
27,236,Sick Leave,8/11/2024,11/11/2024,Approved
28,305,Paternity Leave,3/25/2024,4/30/2024,Approved
29,455,Paternity Leave,1/7/2024,9/13/2024,Rejected
30,142,Paternity Leave,2/19/2024,6/12/2024,Approved
31,223,Maternity Leave,6/9/2024,7/16/2024,Pending
32,140,Maternity Leave,3/6/2024,7/25/2024,Rejected
33,255,Paternity Leave,2/20/2024,10/1/2024,Rejected
34,448,Sick Leave,5/8/2024,10/22/2024,Pending
35,412,Maternity Leave,6/9/2024,11/6/2024,Approved
36,341,Annual Leave,7/5/2024,11/15/2024,Rejected
37,457,Annual Leave,8/9/2024,5/23/2024,Approved
38,285,Casual Leave,2/5/2024,10/26/2024,Pending
39,10,Maternity Leave,1/7/2024,7/13/2024,Approved
40,71,Sick Leave,4/26/2024,6/7/2024,Pending
41,326,Annual Leave,3/4/2024,11/14/2024,Pending
42,71,Paternity Leave,9/15/2024,6/16/2024,Rejected
43,480,Annual Leave,9/17/2024,8/15/2024,Rejected
44,265,Maternity Leave,1/20/2024,10/23/2024,Rejected
45,111,Maternity Leave,7/23/2024,10/25/2024,Approved
46,243,Paternity Leave,6/28/2024,10/1/2024,Pending
47,37,Sick Leave,8/9/2024,8/9/2024,Pending
48,309,Paternity Leave,4/1/2024,11/2/2024,Approved
49,50,Annual Leave,8/21/2024,8/12/2024,Rejected
50,405,Annual Leave,5/26/2024,9/17/2024,Rejected
51,367,Maternity Leave,9/18/2024,10/5/2024,Pending
52,86,Sick Leave,8/27/2024,5/24/2024,Rejected
53,359,Annual Leave,2/25/2024,4/27/2024,Rejected
54,418,Casual Leave,1/8/2024,9/24/2024,Pending
55,386,Casual Leave,6/29/2024,9/23/2024,Approved
56,397,Annual Leave,10/17/2024,11/13/2024,Rejected
57,213,Casual Leave,7/16/2024,7/9/2024,Pending
58,196,Annual Leave,7/23/2024,10/20/2024,Pending
59,243,Sick Leave,2/16/2024,5/22/2024,Pending
60,8,Maternity Leave,1/28/2024,10/20/2024,Approved
61,114,Sick Leave,6/10/2024,11/2/2024,Approved
62,75,Maternity Leave,9/23/2024,5/26/2024,Rejected
63,495,Sick Leave,6/10/2024,9/3/2024,Pending
64,182,Paternity Leave,6/30/2024,8/3/2024,Pending
65,28,Sick Leave,10/13/2024,6/9/2024,Approved
66,302,Annual Leave,3/13/2024,9/30/2024,Rejected
67,309,Sick Leave,3/20/2024,8/16/2024,Rejected
68,462,Annual Leave,8/13/2024,11/11/2024,Rejected
69,35,Maternity Leave,2/7/2024,11/2/2024,Pending
70,325,Annual Leave,9/5/2024,10/13/2024,Pending
71,22,Sick Leave,8/21/2024,4/24/2024,Approved
72,81,Casual Leave,2/24/2024,6/12/2024,Pending
73,115,Annual Leave,1/5/2024,10/6/2024,Approved
74,39,Annual Leave,1/3/2024,8/16/2024,Rejected
75,141,Annual Leave,5/16/2024,3/6/2024,Approved
76,308,Sick Leave,3/10/2024,5/25/2024,Rejected
77,420,Paternity Leave,9/26/2024,9/24/2024,Pending
78,447,Annual Leave,8/17/2024,4/15/2024,Rejected
79,434,Casual Leave,8/9/2024,9/17/2024,Approved
80,257,Paternity Leave,3/4/2024,2/29/2024,Pending
81,431,Sick Leave,3/15/2024,7/7/2024,Pending
82,299,Annual Leave,10/12/2024,10/18/2024,Approved
83,251,Casual Leave,5/8/2024,9/11/2024,Rejected
84,12,Casual Leave,6/25/2024,9/21/2024,Rejected
85,347,Annual Leave,8/24/2024,9/10/2024,Pending
86,141,Paternity Leave,2/1/2024,7/15/2024,Pending
87,449,Paternity Leave,2/20/2024,10/26/2024,Pending
88,483,Casual Leave,8/14/2024,9/23/2024,Rejected
89,417,Annual Leave,2/3/2024,7/18/2024,Approved
90,487,Paternity Leave,6/25/2024,11/13/2024,Approved
91,262,Sick Leave,3/5/2024,10/13/2024,Approved
92,495,Casual Leave,7/16/2024,8/19/2024,Approved
93,16,Casual Leave,6/23/2024,11/5/2024,Approved
94,109,Paternity Leave,5/27/2024,3/16/2024,Rejected
95,224,Annual Leave,8/16/2024,10/1/2024,Approved
96,40,Casual Leave,8/18/2024,7/30/2024,Approved
97,138,Sick Leave,4/13/2024,5/11/2024,Approved
98,363,Paternity Leave,4/1/2024,10/21/2024,Rejected
99,404,Maternity Leave,6/26/2024,5/5/2024,Pending
100,15,Paternity Leave,7/22/2024,10/22/2024,Pending
