employee_id,first_name,last_name,gender,date_of_birth,hire_date,department_id,job_title,salary_id,manager_id
1,Erin,West,M,1/24/2002,4/30/2024,6,"Education officer, community",1,490
2,Jonathan,Jones,M,12/8/1974,10/26/2023,9,Mining engineer,2,368
3,Karen,Massey,M,11/2/1986,8/14/2021,1,Graphic designer,3,213
4,Tamara,Lopez,F,7/23/1977,12/1/2021,5,Forest/woodland manager,4,241
5,Angelica,Mckinney,F,6/23/1978,3/18/2020,10,Minerals surveyor,5,7
6,Antonio,Patrick,M,6/30/1970,5/6/2022,9,"Education officer, community",6,245
7,Maria,Bradley,F,3/11/1961,3/14/2024,1,"Conservation officer, nature",7,229
8,Samuel,Smith,F,10/18/1970,1/27/2020,2,Agricultural engineer,8,213
9,Pamela,Rodriguez,F,4/16/1983,9/1/2024,9,Minerals surveyor,9,338
10,Russell,Arnold,F,4/11/1963,9/28/2021,5,Mining engineer,10,248
11,Shannon,Church,F,1/2/1964,8/6/2021,7,Writer,11,190
12,Leah,Pineda,F,5/16/1977,4/3/2023,9,Regulatory affairs officer,12,465
13,Katherine,Bates,M,9/11/1966,11/10/2022,5,"Education officer, community",13,408
14,Lee,Ali,F,3/11/1996,8/18/2024,1,Regulatory affairs officer,14,57
15,Steve,Martin,M,2/26/1993,5/5/2020,4,"Restaurant manager, fast food",15,127
16,Clarence,Burke,M,11/4/1994,6/10/2020,7,Writer,16,121
17,Scott,Smith,F,4/27/1975,3/28/2023,1,Regulatory affairs officer,17,347
18,Stacey,Roberson,M,12/4/1994,11/5/2022,7,Forest/woodland manager,18,141
19,Rebecca,Sanchez,M,12/3/1995,7/16/2020,10,Writer,19,410
20,John,Robinson,F,2/14/1980,2/20/2022,8,Statistician,20,357
21,Michelle,Dennis,M,8/20/1986,3/23/2020,8,Mining engineer,21,206
22,Ashley,Ortiz,M,10/6/1983,4/16/2020,9,Computer games developer,22,273
23,Jonathon,Guerrero,M,2/19/1998,5/8/2021,2,Agricultural engineer,23,380
24,Ariana,Adams,M,2/9/1959,7/15/2023,3,Immunologist,24,386
25,Angel,Hale,M,4/23/1976,9/23/2024,2,Architect,25,144
26,April,Edwards,M,2/11/2001,4/27/2022,6,Minerals surveyor,26,43
27,Ann,Arias,F,12/11/1998,12/20/2020,1,"Designer, industrial/product",27,120
28,Patricia,Glenn,F,3/1/1965,12/24/2021,5,Educational psychologist,28,248
29,Karen,Powell,F,8/29/1988,10/9/2021,10,Minerals surveyor,29,228
30,Elizabeth,Vargas,F,9/12/1969,7/13/2021,10,Forest/woodland manager,30,404
31,Anna,Moreno,M,8/29/1997,1/21/2022,5,Educational psychologist,31,207
32,Emma,Lopez,M,3/30/1964,4/4/2020,9,Minerals surveyor,32,41
33,Joseph,Cole,M,6/13/1978,12/24/2020,9,Writer,33,358
34,Laura,Klein,M,5/16/1981,7/17/2023,2,Graphic designer,34,200
35,Ashley,Brooks,M,11/29/1958,8/10/2020,2,Forest/woodland manager,35,159
36,Amanda,Todd,F,11/2/1995,12/31/2021,5,Writer,36,409
37,Rodney,Fisher,F,10/16/1977,2/27/2021,1,Writer,37,74
38,Zachary,Massey,M,12/29/1976,2/9/2021,9,Writer,38,329
39,James,Goodman,M,8/14/1962,10/3/2020,6,Graphic designer,39,190
40,Mark,Rodriguez,F,6/1/1996,4/4/2023,8,"Conservation officer, nature",40,121
41,Valerie,Young,M,10/22/1960,2/24/2020,7,Forest/woodland manager,41,113
42,Susan,Love,M,10/9/2002,7/28/2023,3,"Radiographer, therapeutic",42,232
43,Sean,Gallagher,M,1/21/1972,3/29/2021,5,Graphic designer,43,407
44,Tracey,Shepherd,F,7/20/1990,10/30/2023,6,Computer games developer,44,488
45,Crystal,Terry,F,9/28/1999,10/18/2023,10,Chartered accountant,45,465
46,Patricia,Rodriguez,F,2/9/1988,5/21/2021,6,"Radiographer, therapeutic",46,376
47,Alexis,Freeman,F,7/22/1997,9/2/2024,10,"Restaurant manager, fast food",47,107
48,Christine,Jenkins,F,5/30/1963,10/21/2021,6,Writer,48,388
49,Jamie,Becker,F,8/27/1985,12/25/2020,1,Multimedia specialist,49,426
50,Edward,Green,F,12/11/1958,6/20/2020,4,Minerals surveyor,50,188
51,Roberta,Frazier,F,9/30/1974,10/5/2021,2,Chartered accountant,51,97
52,Olivia,Reyes,M,7/25/1988,1/4/2024,8,"Radiographer, therapeutic",52,476
53,Anthony,Arnold,M,7/5/1964,5/30/2023,2,Writer,53,2
54,Stephanie,Harrison,F,2/25/1996,1/28/2022,9,Psychiatrist,54,145
55,Sarah,Ibarra,F,10/6/1983,6/6/2024,6,Mining engineer,55,31
56,Jason,Bailey,M,10/19/1986,6/20/2024,8,Minerals surveyor,56,160
57,Michael,Hale,M,7/21/1998,1/21/2023,6,Architect,57,21
58,Christopher,Calhoun,M,4/2/1970,3/26/2022,7,"Designer, industrial/product",58,393
59,Robert,Hernandez,F,10/27/1976,12/3/2020,3,"Education officer, community",59,173
60,Eugene,Knight,F,2/9/1959,12/11/2022,7,Immunologist,60,121
61,Amber,Martin,M,8/22/1967,11/7/2023,8,Statistician,61,314
62,Randy,May,F,6/29/1992,9/28/2024,8,Educational psychologist,62,273
63,Rebecca,Welch,M,10/4/1967,4/23/2023,7,Minerals surveyor,63,77
64,Andrew,Sanchez,F,10/12/1977,10/17/2023,4,Agricultural engineer,64,9
65,Ryan,Noble,M,12/24/1985,5/13/2020,2,"Designer, industrial/product",65,223
66,Taylor,Roth,M,8/22/1975,4/7/2021,9,"Radiographer, therapeutic",66,383
67,Nicholas,Jensen,F,11/23/1972,10/11/2022,2,Immunologist,67,477
68,Amanda,Jackson,F,2/20/1983,5/11/2021,2,"Conservation officer, nature",68,148
69,Veronica,Costa,F,6/13/1983,12/6/2021,7,Regulatory affairs officer,69,14
70,Allen,Vincent,M,11/16/1984,8/4/2024,3,Architect,70,142
71,Travis,Riley,M,3/5/1963,12/17/2023,3,"Restaurant manager, fast food",71,153
72,Donald,Ibarra,M,2/28/1989,3/31/2024,7,Agricultural engineer,72,226
73,Brenda,Trevino,F,7/23/1986,11/26/2021,5,Computer games developer,73,300
74,Brian,Bryant,F,8/29/1962,6/27/2024,6,Writer,74,393
75,Brenda,Cruz,F,9/5/1967,9/22/2021,2,Minerals surveyor,75,418
76,Brianna,Johnson,M,5/4/1963,5/2/2022,2,Writer,76,266
77,Linda,Fox,F,11/25/1963,8/29/2020,2,"Restaurant manager, fast food",77,48
78,Jennifer,Garcia,M,5/30/1989,1/14/2022,7,"Designer, industrial/product",78,291
79,Kimberly,Graves,M,4/3/1985,3/30/2020,9,Architect,79,8
80,Renee,Williams,F,6/10/1978,4/5/2020,5,Forest/woodland manager,80,120
81,Isaac,Schultz,M,9/2/1968,2/22/2023,7,Multimedia specialist,81,24
82,Penny,Rogers,M,12/22/1959,6/7/2020,9,Educational psychologist,82,225
83,Amber,Stafford,F,1/31/1965,2/19/2023,8,Graphic designer,83,298
84,Robert,Erickson,M,5/9/1994,8/30/2024,5,"Designer, industrial/product",84,40
85,Elizabeth,Oneill,M,7/11/1986,2/20/2021,3,"Conservation officer, nature",85,400
86,Alicia,Alvarez,M,12/10/1964,6/2/2021,9,"Radiographer, therapeutic",86,46
87,Paul,Henry,F,4/29/1975,1/18/2021,2,"Conservation officer, nature",87,11
88,Jennifer,Wallace,F,12/2/1972,7/2/2021,2,Minerals surveyor,88,303
89,Ashley,Wells,F,8/2/1972,1/5/2024,6,Forest/woodland manager,89,236
90,James,Lopez,F,11/25/1963,9/28/2021,2,Immunologist,90,184
91,Michael,James,M,8/29/1993,4/9/2020,10,"Education officer, community",91,35
92,Timothy,Williams,M,11/29/2001,1/15/2023,9,Minerals surveyor,92,75
93,Michael,Grimes,M,3/21/1994,10/20/2023,4,Architect,93,7
94,Maureen,Barnes,M,12/13/1979,7/5/2021,1,"Radiographer, therapeutic",94,181
95,Lisa,Savage,M,11/4/1964,3/18/2020,4,Regulatory affairs officer,95,441
96,Mary,Patterson,M,7/6/1999,4/4/2024,8,"Restaurant manager, fast food",96,360
97,Brian,Salas,M,7/21/1983,8/21/2021,3,Graphic designer,97,232
98,Joshua,Scott,M,10/1/1999,12/29/2021,7,Computer games developer,98,481
99,Felicia,Young,M,10/29/1983,1/23/2020,9,"Radiographer, therapeutic",99,376
100,Nathan,Carr,F,8/28/1991,5/21/2024,8,Agricultural engineer,100,137
101,Samuel,Mcdowell,F,5/3/1994,6/13/2020,2,"Designer, industrial/product",101,227
102,Emily,Vance,M,5/2/1976,10/16/2021,2,Minerals surveyor,102,310
103,Robin,Sanchez,M,4/16/1964,2/4/2022,8,Educational psychologist,103,251
104,Anthony,Torres,M,7/29/1977,2/18/2024,8,Chartered accountant,104,71
105,Shane,Sullivan,M,10/24/1983,3/16/2022,1,"Education officer, community",105,137
106,Joseph,Williams,F,1/3/1982,12/13/2023,7,Agricultural engineer,106,78
107,Michael,Bates,F,3/11/1987,9/12/2020,9,Regulatory affairs officer,107,47
108,William,Sampson,F,7/18/1962,7/18/2023,3,Statistician,108,448
109,Xavier,Beck,M,1/10/1999,3/21/2023,2,"Radiographer, therapeutic",109,169
110,Colin,Brown,F,6/8/1962,3/25/2020,9,"Designer, industrial/product",110,180
111,Joseph,Becker,F,9/26/1980,6/29/2021,7,"Designer, industrial/product",111,270
112,Rebekah,Martinez,M,8/23/1977,1/11/2020,2,Mining engineer,112,21
113,Amanda,Wells,M,10/8/1961,11/19/2023,3,"Radiographer, therapeutic",113,236
114,Brian,Keller,F,11/19/1975,11/22/2021,8,Writer,114,136
115,Kathleen,Patterson,M,6/21/1995,5/11/2021,1,Statistician,115,449
116,Anne,Soto,F,4/12/1996,5/24/2020,6,Statistician,116,238
117,Jennifer,Baldwin,F,3/8/1972,3/22/2023,9,Graphic designer,117,287
118,Kristen,Walker,M,12/30/1988,4/13/2022,10,Writer,118,197
119,April,Alvarado,F,5/13/1980,2/1/2024,10,Computer games developer,119,239
120,Shelley,Pacheco,M,6/7/1992,2/11/2021,7,Multimedia specialist,120,360
121,Alice,Webster,F,8/29/1974,1/2/2023,2,"Conservation officer, nature",121,353
122,Michael,Lee,M,5/28/1990,10/22/2021,6,"Restaurant manager, fast food",122,40
123,Elizabeth,Duffy,F,11/18/1963,2/1/2021,3,Writer,123,160
124,Matthew,Ayers,F,9/18/1975,12/24/2021,6,Computer games developer,124,94
125,Erin,Ramos,F,6/6/1980,12/27/2022,10,Multimedia specialist,125,76
126,Joanne,Webb,F,5/28/1969,5/26/2021,10,Immunologist,126,317
127,Kathryn,Martin,F,4/6/1986,3/4/2022,1,Statistician,127,152
128,Jo,Walker,F,6/5/1966,7/9/2021,7,Educational psychologist,128,142
129,Tammy,Wilson,F,11/22/1984,7/22/2023,6,Psychiatrist,129,27
130,William,Welch,M,11/6/1979,11/28/2021,7,"Designer, industrial/product",130,32
131,Kaylee,Gonzales,F,4/28/1990,7/5/2022,7,Mining engineer,131,469
132,Katherine,Swanson,M,3/14/1989,10/4/2023,10,Agricultural engineer,132,185
133,Stacey,Alvarez,F,2/24/1973,5/14/2021,6,Statistician,133,396
134,Tyler,Randolph,M,3/22/1984,9/17/2021,4,Architect,134,240
135,Jennifer,Davies,F,5/12/1989,1/22/2024,8,Forest/woodland manager,135,66
136,Douglas,Wagner,F,11/24/1974,4/30/2023,2,"Designer, industrial/product",136,161
137,Tracy,Key,M,8/2/1993,6/12/2021,5,Chartered accountant,137,163
138,Andrea,Peterson,M,2/12/1991,12/13/2021,6,Minerals surveyor,138,373
139,Kathryn,Davis,F,12/21/1985,12/19/2022,9,Immunologist,139,198
140,Kenneth,Davis,M,5/28/1986,8/2/2021,2,Architect,140,276
141,Jacob,Wallace,M,11/13/1989,11/19/2020,3,Computer games developer,141,134
142,Angela,Thompson,M,4/18/1995,9/9/2023,1,Statistician,142,436
143,Beverly,Willis,F,2/2/1992,1/10/2021,6,"Conservation officer, nature",143,55
144,Sarah,Watson,M,1/25/1991,4/15/2021,7,"Restaurant manager, fast food",144,21
145,Kelsey,Peterson,M,7/19/1974,5/6/2022,2,"Designer, industrial/product",145,261
146,Miguel,Ramos,M,5/21/2002,7/1/2021,6,Psychiatrist,146,98
147,Jackie,Valdez,F,5/9/1992,7/29/2022,3,Computer games developer,147,179
148,Bryan,Colon,F,10/23/1993,3/13/2023,4,Regulatory affairs officer,148,93
149,Kelly,Hodge,F,9/4/1959,12/31/2022,1,Mining engineer,149,236
150,Edwin,Robertson,M,10/2/2002,12/26/2021,8,"Education officer, community",150,420
151,Tyler,Vasquez,M,11/15/1979,2/15/2020,6,Minerals surveyor,151,228
152,Joshua,Bennett,F,1/14/1975,9/19/2021,8,Educational psychologist,152,23
153,Peter,Johnson,M,9/23/2001,1/28/2023,8,Multimedia specialist,153,364
154,Marie,Thompson,F,1/23/1998,1/3/2020,3,"Radiographer, therapeutic",154,378
155,Caroline,Cooper,F,5/8/1959,11/11/2023,7,Writer,155,197
156,Jessica,Cohen,F,1/22/1978,12/9/2022,10,"Education officer, community",156,278
157,Gregory,Gonzales,F,12/2/1995,5/9/2020,9,Forest/woodland manager,157,458
158,Brenda,Ramos,M,2/23/1994,6/5/2020,7,Chartered accountant,158,197
159,Richard,Thomas,M,2/4/2002,11/9/2022,1,Psychiatrist,159,394
160,Andrew,Mason,M,2/17/2001,1/25/2020,9,Psychiatrist,160,181
161,Vanessa,Scott,M,5/31/1996,5/9/2020,8,Statistician,161,366
162,Samuel,Howe,M,1/20/1970,3/23/2021,1,"Designer, industrial/product",162,288
163,Mary,Gutierrez,F,6/15/1959,11/2/2020,4,"Radiographer, therapeutic",163,431
164,Pamela,Allen,M,8/19/1988,3/16/2021,10,Architect,164,171
165,Stephanie,Hudson,F,3/20/1964,9/22/2022,2,Writer,165,354
166,Teresa,Elliott,M,10/2/1977,12/22/2022,5,Psychiatrist,166,475
167,Benjamin,Soto,F,5/12/1980,9/3/2024,3,"Radiographer, therapeutic",167,203
168,Robert,Obrien,M,3/29/1975,2/1/2021,7,"Education officer, community",168,375
169,Mark,Mcneil,M,11/26/1965,1/5/2020,1,Psychiatrist,169,44
170,Casey,Mack,F,5/6/1971,8/22/2021,1,Statistician,170,399
171,Robert,Vasquez,F,10/20/1987,5/29/2023,7,"Designer, industrial/product",171,37
172,Kevin,Simon,M,8/28/1974,10/25/2021,1,Agricultural engineer,172,52
173,Christopher,Burns,F,7/7/1962,11/3/2020,6,Psychiatrist,173,243
174,Patrick,Allen,F,3/12/1984,8/15/2024,5,Psychiatrist,174,186
175,Margaret,Andersen,M,11/3/1981,12/5/2022,2,Multimedia specialist,175,416
176,Teresa,Garcia,F,5/15/1998,11/29/2023,2,"Restaurant manager, fast food",176,84
177,Felicia,Tyler,M,5/2/1971,10/29/2021,5,Writer,177,143
178,Wayne,Martin,F,5/7/1985,4/5/2024,10,Mining engineer,178,459
179,Elizabeth,Johns,M,8/8/1998,10/16/2021,2,"Designer, industrial/product",179,148
180,Zachary,Baker,M,8/1/1983,9/16/2023,8,Regulatory affairs officer,180,99
181,Keith,Mendoza,F,8/7/1964,5/2/2022,6,Computer games developer,181,120
182,Raymond,Harris,F,3/4/1993,1/28/2024,3,Regulatory affairs officer,182,238
183,Brooke,Patton,M,4/11/1973,5/22/2020,8,Writer,183,281
184,Carol,Jones,M,7/9/1983,1/18/2020,6,"Restaurant manager, fast food",184,417
185,Melissa,Long,F,6/25/1982,9/21/2020,4,Educational psychologist,185,124
186,Ian,Benson,M,9/25/1981,10/7/2022,5,Statistician,186,175
187,Heather,Ramirez,F,2/28/1974,11/24/2022,8,"Designer, industrial/product",187,260
188,Ronald,Moore,M,9/15/1975,4/22/2023,5,Educational psychologist,188,476
189,Veronica,Hester,M,9/27/1972,11/14/2023,4,"Education officer, community",189,144
190,Jason,Flores,F,7/4/1962,10/18/2023,9,"Education officer, community",190,468
191,Zachary,Lamb,F,4/30/1985,2/25/2024,7,Architect,191,390
192,Darrell,Wilkinson,F,9/23/1974,7/26/2024,9,Writer,192,43
193,Rebecca,Patterson,M,8/19/1973,7/29/2023,4,Statistician,193,289
194,Nicole,Joseph,F,5/24/1961,6/18/2020,10,"Designer, industrial/product",194,4
195,Jennifer,Poole,M,11/23/1995,9/9/2024,10,"Conservation officer, nature",195,149
196,Kevin,Villarreal,M,8/10/1982,6/28/2023,4,Forest/woodland manager,196,308
197,Anthony,Lopez,F,11/9/1971,3/11/2023,1,Writer,197,60
198,Javier,Hernandez,M,3/26/1995,2/24/2021,3,Educational psychologist,198,271
199,Katie,Foster,F,1/15/1967,12/21/2023,8,Chartered accountant,199,156
200,Derrick,Bishop,F,1/13/1984,10/23/2022,9,"Conservation officer, nature",200,384
201,James,Valentine,F,3/21/1996,10/8/2020,7,Chartered accountant,201,378
202,Larry,Rogers,M,12/12/2001,11/26/2020,9,Forest/woodland manager,202,313
203,Mary,Harris,M,2/18/1992,12/17/2021,5,"Radiographer, therapeutic",203,18
204,Rebecca,Marshall,M,10/5/1989,11/27/2023,7,Regulatory affairs officer,204,264
205,Tamara,Huber,F,3/25/1980,11/11/2023,2,"Education officer, community",205,430
206,Andrea,Miller,M,5/9/1996,1/24/2022,4,Forest/woodland manager,206,360
207,Danielle,Avila,M,2/4/1977,8/4/2022,6,"Conservation officer, nature",207,451
208,David,Anderson,F,7/6/2002,8/30/2020,9,Architect,208,452
209,Tracy,Wall,M,12/17/1968,5/28/2024,1,Educational psychologist,209,190
210,David,Moore,F,3/5/1997,4/10/2020,10,Regulatory affairs officer,210,240
211,Nicole,Atkinson,M,4/22/1998,2/10/2020,6,"Designer, industrial/product",211,188
212,Angela,Ellis,F,11/25/1992,11/8/2021,6,Graphic designer,212,88
213,Thomas,Newman,M,3/1/1981,6/1/2024,6,Writer,213,162
214,Christina,Wagner,F,2/20/1997,3/15/2023,5,Chartered accountant,214,397
215,Gregory,Holloway,F,12/28/1984,2/19/2024,6,Mining engineer,215,245
216,Richard,Golden,M,8/24/2001,4/18/2024,4,Mining engineer,216,131
217,Christina,Marshall,F,12/11/1962,1/12/2023,2,Statistician,217,376
218,Victor,Sandoval,F,11/10/1965,3/20/2024,6,Agricultural engineer,218,27
219,Luis,Porter,M,2/28/1981,3/13/2024,9,Computer games developer,219,193
220,Amy,Taylor,F,12/30/1971,2/18/2023,3,Psychiatrist,220,352
221,Joe,Leach,F,9/26/1960,11/25/2023,2,"Conservation officer, nature",221,173
222,Timothy,Weaver,F,1/17/2000,5/25/2021,3,Mining engineer,222,358
223,Stephen,Wells,F,5/4/1976,3/6/2021,9,Computer games developer,223,324
224,Jennifer,Ortiz,M,6/4/1977,9/20/2024,2,Graphic designer,224,118
225,Trevor,Jordan,F,11/2/1982,7/27/2021,4,"Conservation officer, nature",225,305
226,Cynthia,Rogers,M,11/29/1959,6/18/2020,8,Forest/woodland manager,226,209
227,Raymond,Whitehead,M,6/1/1961,8/23/2024,2,Multimedia specialist,227,194
228,Andrew,Fox,F,1/7/1986,4/16/2020,2,"Education officer, community",228,123
229,Ray,Kelley,F,11/11/1993,5/27/2021,5,Educational psychologist,229,159
230,Tristan,Pena,M,7/17/1999,12/30/2021,1,"Education officer, community",230,407
231,Amanda,Clarke,M,5/9/1969,2/27/2020,3,Forest/woodland manager,231,454
232,Charles,Phillips,F,11/13/1978,7/8/2024,7,Psychiatrist,232,376
233,Thomas,Coleman,M,9/24/1993,4/3/2022,6,"Conservation officer, nature",233,305
234,Patricia,Lewis,F,12/1/1990,3/24/2020,9,"Restaurant manager, fast food",234,214
235,John,Baker,F,4/4/1978,2/23/2024,7,Computer games developer,235,14
236,Cassandra,Hays,F,10/3/1977,7/3/2023,3,"Designer, industrial/product",236,441
237,Michelle,Hardy,M,5/23/1971,11/19/2022,8,"Restaurant manager, fast food",237,370
238,Angela,Gonzalez,F,12/22/1995,8/11/2023,7,Multimedia specialist,238,365
239,Leslie,Krause,M,1/5/1967,11/4/2023,7,Forest/woodland manager,239,5
240,Nicole,Keller,F,7/7/1966,4/16/2024,6,Agricultural engineer,240,216
241,Thomas,Manning,F,7/28/1963,7/13/2023,8,"Radiographer, therapeutic",241,423
242,Elijah,Harris,F,2/8/1963,11/15/2020,2,Minerals surveyor,242,110
243,Jennifer,Watts,F,5/29/1969,5/18/2024,3,Statistician,243,465
244,Jennifer,Fischer,M,10/8/1985,8/21/2024,3,Forest/woodland manager,244,215
245,Daniel,Elliott,M,10/2/1979,6/9/2024,2,Immunologist,245,252
246,Renee,Payne,M,6/5/1972,12/8/2021,7,Statistician,246,240
247,Jessica,Crawford,M,3/13/1991,9/20/2023,4,Regulatory affairs officer,247,463
248,Jose,Moore,M,9/15/1996,4/22/2020,7,Educational psychologist,248,217
249,Stephen,Ward,M,9/23/1991,1/8/2021,3,"Restaurant manager, fast food",249,86
250,Ashlee,Boyer,M,3/13/1986,1/13/2020,3,Immunologist,250,239
251,Sean,Lee,F,2/13/1983,4/24/2024,2,Graphic designer,251,270
252,Margaret,Campbell,M,7/6/1999,7/17/2022,4,Multimedia specialist,252,371
253,Kimberly,Martinez,M,1/4/1960,6/12/2022,5,Agricultural engineer,253,341
254,Jason,Jackson,M,6/11/1969,3/11/2022,2,Architect,254,403
255,April,Hodges,F,4/25/1997,1/11/2024,10,Forest/woodland manager,255,264
256,Barbara,Thompson,F,7/18/1978,11/21/2020,4,Mining engineer,256,17
257,Sydney,Taylor,M,10/11/1978,8/7/2024,4,Graphic designer,257,28
258,Jessica,Romero,F,4/4/1963,9/18/2021,8,"Restaurant manager, fast food",258,361
259,Pamela,Robinson,M,11/23/1997,12/16/2020,1,Computer games developer,259,421
260,Joshua,Reyes,F,7/25/1972,12/6/2023,2,Computer games developer,260,65
261,Joseph,Rangel,F,3/3/1984,3/11/2020,7,"Education officer, community",261,425
262,Travis,Fuentes,M,8/26/1990,6/1/2024,10,"Radiographer, therapeutic",262,138
263,Andrew,Mcneil,M,8/19/1984,7/6/2022,4,Educational psychologist,263,198
264,Dawn,Nielsen,M,5/6/1992,2/10/2023,2,"Radiographer, therapeutic",264,440
265,Craig,Bell,F,6/3/1971,3/14/2022,7,Chartered accountant,265,32
266,Steven,Clark,F,8/25/1971,9/20/2022,7,Regulatory affairs officer,266,23
267,Jeremy,Mccoy,M,8/22/1975,7/25/2022,1,Computer games developer,267,144
268,Kurt,Myers,M,8/29/1965,10/17/2021,5,"Restaurant manager, fast food",268,238
269,Brandon,King,F,3/26/1986,11/21/2022,2,Immunologist,269,95
270,Theresa,Gray,F,4/6/1974,8/6/2021,7,Minerals surveyor,270,68
271,Francisco,Rosario,M,10/17/1981,10/9/2021,8,"Education officer, community",271,394
272,Aaron,Gonzalez,M,11/8/2000,6/19/2022,2,"Conservation officer, nature",272,40
273,Amy,Chang,M,2/4/1963,4/15/2024,4,Multimedia specialist,273,88
274,Jessica,Diaz,M,12/30/1987,7/25/2020,9,"Conservation officer, nature",274,425
275,Andrew,Lewis,M,8/31/1959,10/6/2023,1,Immunologist,275,277
276,Cody,Burton,F,5/12/2002,5/23/2022,3,Writer,276,102
277,Jacob,Cohen,M,1/31/1982,3/3/2024,6,"Restaurant manager, fast food",277,220
278,Lauren,Ellison,F,10/17/1999,1/19/2024,10,Statistician,278,18
279,Tiffany,Ross,M,4/11/2002,6/15/2024,9,Minerals surveyor,279,256
280,Carrie,Nolan,F,6/7/1971,9/30/2023,9,Regulatory affairs officer,280,444
281,Erik,Conner,F,5/28/1987,10/9/2023,8,"Designer, industrial/product",281,64
282,Kara,Gonzales,F,4/22/2001,1/6/2021,4,Immunologist,282,86
283,Tim,Sanford,F,1/24/1980,10/8/2023,4,Educational psychologist,283,488
284,Kelly,Watson,F,8/17/2001,7/23/2023,4,Statistician,284,476
285,Kristi,Morales,M,6/28/1961,2/1/2023,10,Chartered accountant,285,339
286,Amber,Valencia,M,7/9/1979,1/12/2021,8,Psychiatrist,286,167
287,Jennifer,Williams,F,12/10/1978,10/17/2020,5,"Restaurant manager, fast food",287,82
288,Benjamin,Nguyen,M,10/31/1971,4/20/2020,9,Computer games developer,288,224
289,Jonathan,Christensen,M,1/13/1972,12/30/2023,1,Agricultural engineer,289,181
290,Diane,Brooks,M,6/15/1973,3/13/2020,4,Forest/woodland manager,290,291
291,Pamela,Miller,F,3/9/1969,8/11/2020,8,Mining engineer,291,487
292,Michaela,Ayala,M,8/16/2001,5/23/2022,6,Psychiatrist,292,311
293,Scott,Wright,M,7/21/1988,12/25/2023,2,"Conservation officer, nature",293,105
294,Patty,Ingram,M,3/29/1994,11/4/2023,9,Agricultural engineer,294,121
295,Nicholas,Hill,F,11/8/1982,4/11/2022,8,"Restaurant manager, fast food",295,19
296,Carla,Nguyen,F,9/3/1966,9/25/2020,7,"Designer, industrial/product",296,352
297,Andrew,Henderson,F,9/20/1966,6/29/2021,9,Immunologist,297,134
298,Brenda,Hansen,M,12/21/1963,4/23/2023,5,Regulatory affairs officer,298,267
299,Chelsey,Evans,M,12/31/1974,5/5/2022,4,Chartered accountant,299,393
300,Sarah,Jordan,M,5/2/1977,1/7/2021,2,"Designer, industrial/product",300,185
301,Jerry,Smith,M,4/17/1986,3/11/2022,7,"Restaurant manager, fast food",301,388
302,John,Harris,M,1/21/1999,5/15/2021,4,Computer games developer,302,175
303,Jimmy,Walter,F,3/11/1995,5/21/2023,3,Multimedia specialist,303,137
304,Samuel,Fritz,F,8/20/1994,2/11/2020,1,"Education officer, community",304,336
305,Ashley,Knight,M,7/5/1986,7/6/2022,2,Statistician,305,51
306,Timothy,Mendez,F,8/18/1992,2/1/2024,1,Multimedia specialist,306,273
307,Nicholas,Jimenez,F,5/21/1984,9/17/2024,9,Chartered accountant,307,385
308,Anna,Carr,M,8/19/1967,5/21/2021,8,Writer,308,451
309,Jason,Lloyd,F,9/25/1961,1/29/2021,9,"Restaurant manager, fast food",309,185
310,Lisa,Golden,M,12/27/1996,8/26/2022,2,Regulatory affairs officer,310,363
311,Anthony,Reid,F,6/13/1967,4/15/2020,5,Mining engineer,311,469
312,Mitchell,Gomez,M,5/13/1987,9/12/2023,6,"Education officer, community",312,498
313,Christina,Ochoa,F,3/26/1992,3/4/2023,7,"Restaurant manager, fast food",313,227
314,Patrick,Thompson,M,7/22/1961,8/21/2024,10,Agricultural engineer,314,358
315,Monica,Smith,F,9/30/1970,7/27/2020,10,Chartered accountant,315,427
316,Julian,Bradford,M,10/3/1965,9/16/2020,2,"Radiographer, therapeutic",316,389
317,Ryan,Buck,F,6/30/1984,3/24/2023,10,Forest/woodland manager,317,223
318,Philip,Cook,F,10/17/1986,5/23/2020,9,Statistician,318,279
319,Dakota,Martin,M,7/14/1966,3/5/2021,8,"Designer, industrial/product",319,10
320,Jeffrey,Hancock,M,5/24/1975,11/30/2022,10,Writer,320,356
321,Sandra,Allen,F,7/13/1967,8/16/2024,9,Multimedia specialist,321,292
322,Audrey,Baker,M,9/22/1982,7/5/2021,1,Chartered accountant,322,99
323,Diane,Bryant,F,11/6/1988,1/29/2024,2,"Designer, industrial/product",323,161
324,Rachel,Carrillo,M,9/19/1961,3/15/2020,1,Agricultural engineer,324,482
325,Melissa,Massey,M,5/10/1970,1/3/2020,4,"Radiographer, therapeutic",325,395
326,Juan,Flores,M,4/18/1965,12/3/2022,6,Writer,326,12
327,Carla,Hall,F,11/3/1967,2/2/2024,2,Statistician,327,92
328,Martin,Marquez,M,9/18/1996,7/10/2020,1,Architect,328,414
329,Diane,Henry,F,2/17/1984,7/1/2022,3,Mining engineer,329,406
330,Brianna,Morgan,F,2/17/1972,11/7/2022,10,"Restaurant manager, fast food",330,17
331,Ana,Spencer,F,1/28/1985,3/30/2023,9,Educational psychologist,331,223
332,Jennifer,Moore,F,6/12/1986,9/3/2023,1,"Designer, industrial/product",332,119
333,Stephen,Taylor,M,5/14/1997,1/15/2023,10,Chartered accountant,333,150
334,Julia,Jackson,F,10/6/1986,12/13/2022,3,Agricultural engineer,334,399
335,Sandy,Tate,F,9/22/2002,8/19/2023,10,Immunologist,335,465
336,Laura,Griffin,M,1/4/1993,8/4/2023,5,Computer games developer,336,481
337,Erin,Jacobson,F,4/29/1973,7/30/2021,6,Agricultural engineer,337,358
338,Kristen,Ray,M,11/3/1990,4/7/2021,4,Graphic designer,338,148
339,Christopher,Rodriguez,F,12/25/1986,3/2/2020,2,Chartered accountant,339,479
340,Steven,Stark,F,10/22/1963,5/25/2021,1,Regulatory affairs officer,340,454
341,Michael,White,M,7/24/2001,4/28/2022,2,Minerals surveyor,341,416
342,Susan,Martin,M,4/17/1963,6/17/2021,1,Writer,342,257
343,Michael,Martinez,M,4/27/1965,9/14/2020,5,Educational psychologist,343,282
344,Barbara,West,M,1/31/1978,2/19/2022,7,"Restaurant manager, fast food",344,150
345,Annette,Glover,F,9/17/1994,7/2/2020,10,Mining engineer,345,122
346,William,Costa,F,11/2/1991,5/1/2020,4,Architect,346,64
347,Donald,Melendez,F,4/26/1989,9/6/2022,3,"Restaurant manager, fast food",347,381
348,Caleb,Pham,M,8/21/1994,2/6/2024,7,Minerals surveyor,348,60
349,Matthew,Chavez,F,9/10/1995,10/13/2020,5,Agricultural engineer,349,237
350,Cynthia,Sherman,F,4/6/1992,3/14/2020,8,Graphic designer,350,494
351,Karen,Stafford,F,8/4/1989,12/17/2023,5,Chartered accountant,351,456
352,Nicole,Williams,F,2/17/1964,1/27/2022,2,"Restaurant manager, fast food",352,104
353,Leslie,Walker,F,11/13/1966,2/15/2021,2,Forest/woodland manager,353,157
354,Pamela,Harvey,F,7/1/1967,11/6/2021,8,Multimedia specialist,354,93
355,Marcus,Snyder,F,5/27/1998,6/14/2021,8,Forest/woodland manager,355,104
356,Wendy,Clark,M,11/21/1984,2/11/2023,1,Chartered accountant,356,67
357,Lauren,Koch,F,3/26/1999,12/16/2021,1,Psychiatrist,357,277
358,Kathy,Brown,F,2/2/1961,1/2/2024,4,Writer,358,165
359,Michael,Perez,M,1/28/1988,6/6/2023,8,Writer,359,235
360,Anthony,Smith,M,5/22/1980,8/17/2020,9,Graphic designer,360,174
361,Frank,Thomas,M,1/7/1966,4/2/2023,1,Regulatory affairs officer,361,398
362,Rebecca,Solomon,M,11/10/1992,10/11/2024,7,Architect,362,283
363,Christina,Rhodes,F,12/19/1996,10/16/2023,1,Forest/woodland manager,363,495
364,Dennis,Cherry,M,2/18/1992,3/26/2021,10,Mining engineer,364,197
365,Ashley,Brooks,F,9/3/1969,10/5/2024,7,Architect,365,68
366,Melanie,Lewis,M,5/2/1998,9/26/2024,2,Multimedia specialist,366,143
367,Shawn,Blair,M,1/29/1985,10/17/2021,1,Chartered accountant,367,400
368,Jake,Cole,F,6/5/1983,4/27/2023,6,Chartered accountant,368,382
369,Amber,Johnson,F,1/5/1961,9/4/2021,10,"Education officer, community",369,225
370,Scott,Robertson,F,9/27/1964,4/2/2022,3,Minerals surveyor,370,190
371,Logan,Anthony,M,1/17/1986,12/14/2021,5,"Designer, industrial/product",371,7
372,Linda,Higgins,M,7/3/1994,11/28/2022,10,Graphic designer,372,297
373,Sara,Juarez,F,8/30/1974,3/2/2021,8,"Radiographer, therapeutic",373,153
374,Cynthia,King,M,7/10/2002,4/18/2021,1,"Conservation officer, nature",374,416
375,Margaret,Scott,M,8/31/1976,7/14/2020,10,Regulatory affairs officer,375,457
376,William,Johnston,F,6/10/1971,4/9/2021,6,Forest/woodland manager,376,390
377,Michael,Myers,F,4/10/1975,7/24/2021,4,"Education officer, community",377,47
378,Crystal,Perkins,M,5/8/1987,1/25/2021,8,Graphic designer,378,301
379,Joshua,Gibson,F,4/4/1968,6/16/2020,10,Educational psychologist,379,484
380,Angela,Ramos,M,6/10/1976,6/28/2023,8,"Education officer, community",380,212
381,Pamela,Collins,M,5/21/1966,9/22/2024,8,Forest/woodland manager,381,34
382,Roberta,Stanton,F,7/4/1973,4/16/2024,4,"Designer, industrial/product",382,59
383,Jessica,Howard,F,8/21/2000,11/8/2020,2,"Education officer, community",383,308
384,Albert,Prince,F,9/4/1995,3/23/2022,10,Forest/woodland manager,384,442
385,Scott,Johnson,F,7/20/1959,8/6/2024,10,Immunologist,385,344
386,Robin,Jones,M,11/25/1966,1/11/2024,5,Architect,386,495
387,Andrew,Mendoza,M,10/24/1960,12/8/2021,9,Mining engineer,387,233
388,Stephanie,Long,M,5/23/1990,10/22/2020,9,Agricultural engineer,388,432
389,Jason,Davis,F,9/21/1971,8/2/2021,2,Writer,389,398
390,Amy,Mcdonald,M,3/11/1972,3/6/2020,1,Computer games developer,390,359
391,Stephanie,Carrillo,M,11/25/1974,6/14/2022,4,Graphic designer,391,260
392,Robert,Lucas,F,3/14/1968,1/17/2022,1,Chartered accountant,392,312
393,Lisa,Silva,F,6/20/1986,11/15/2021,5,Architect,393,419
394,Brent,Williams,F,5/20/1973,2/13/2024,8,Agricultural engineer,394,427
395,Madison,Bryant,M,5/26/1992,5/10/2021,1,Immunologist,395,251
396,Dawn,Smith,F,8/4/1991,5/5/2020,1,Mining engineer,396,309
397,Randy,Pollard,M,2/14/1990,7/10/2024,9,Multimedia specialist,397,249
398,Joshua,Harris,M,6/21/1974,2/16/2020,8,Multimedia specialist,398,384
399,Richard,Garcia,F,4/4/1980,6/21/2022,5,"Designer, industrial/product",399,390
400,Jessica,Wilson,F,9/11/1980,3/12/2020,8,Statistician,400,37
401,Julie,Espinoza,M,12/6/1974,12/5/2021,5,Mining engineer,401,354
402,Ryan,Hanson,M,2/17/1991,11/10/2023,3,Regulatory affairs officer,402,307
403,Robert,Lopez,F,1/15/1973,5/15/2021,1,"Designer, industrial/product",403,24
404,John,Brooks,M,11/3/1993,3/4/2023,4,Architect,404,218
405,Hannah,Young,F,11/22/1995,12/14/2021,8,Graphic designer,405,115
406,Alice,Norman,F,6/5/1976,6/14/2020,2,Minerals surveyor,406,4
407,Chad,Randall,F,12/1/1970,1/14/2022,4,"Radiographer, therapeutic",407,455
408,Larry,Prince,F,6/8/1960,9/15/2022,9,Chartered accountant,408,243
409,Joann,Rich,F,5/31/1966,1/24/2022,6,Chartered accountant,409,408
410,Rachel,Hanson,M,8/31/1999,1/12/2020,7,"Education officer, community",410,354
411,Monica,Carpenter,F,1/5/1972,1/16/2021,3,Writer,411,189
412,Shirley,Mcknight,F,8/17/1986,8/10/2023,5,Minerals surveyor,412,119
413,Amanda,Higgins,F,11/6/1964,11/23/2020,1,Statistician,413,339
414,Kayla,Reed,F,5/27/2001,1/31/2022,4,Writer,414,173
415,Gabriel,Thomas,M,7/9/1983,9/23/2023,2,Forest/woodland manager,415,310
416,Jeremy,Silva,M,3/27/1965,4/8/2021,2,Immunologist,416,341
417,Jeffrey,Savage,M,10/21/1967,3/25/2023,4,Forest/woodland manager,417,136
418,Eric,Garcia,F,9/7/1959,2/12/2020,2,Writer,418,195
419,Mitchell,Cuevas,F,6/11/1967,12/1/2021,1,Psychiatrist,419,331
420,Christina,Miller,M,8/10/1998,1/9/2020,9,Agricultural engineer,420,406
421,Randy,Miller,M,6/24/1989,9/20/2023,2,Forest/woodland manager,421,319
422,Carla,Mccarthy,M,11/27/1982,1/1/2024,2,Immunologist,422,173
423,David,Donovan,F,9/27/1977,1/22/2024,6,Graphic designer,423,236
424,Nancy,Cardenas,F,4/12/1969,5/8/2023,6,Architect,424,87
425,Megan,Escobar,M,6/25/1995,3/22/2023,2,"Restaurant manager, fast food",425,440
426,Mia,Stewart,F,5/29/1961,6/27/2020,10,"Radiographer, therapeutic",426,331
427,Michael,Esparza,M,5/17/1987,2/28/2023,6,Mining engineer,427,477
428,Jennifer,Walsh,F,6/8/1967,10/31/2021,4,Psychiatrist,428,113
429,Melissa,Haney,F,12/20/1960,1/5/2020,10,Computer games developer,429,495
430,Tina,Mora,F,8/30/1982,5/23/2020,1,Statistician,430,363
431,Eric,Rivera,M,1/1/1999,8/19/2021,8,"Conservation officer, nature",431,35
432,Thomas,Roberts,F,10/10/1985,7/14/2021,5,Multimedia specialist,432,253
433,Megan,Wong,M,11/22/1975,10/7/2022,3,"Conservation officer, nature",433,181
434,Timothy,Bowman,M,11/13/1997,9/9/2023,10,"Education officer, community",434,365
435,Rita,Flores,M,10/19/1973,3/26/2023,1,Chartered accountant,435,353
436,Alexandra,Henderson,M,4/23/1963,2/2/2021,2,Statistician,436,340
437,Kathleen,Nichols,M,5/2/1970,4/1/2024,6,Writer,437,56
438,Matthew,Harris,F,4/27/1979,4/4/2023,8,Mining engineer,438,444
439,Deborah,Alvarado,F,8/23/2002,4/7/2022,3,"Education officer, community",439,94
440,Elizabeth,Johnson,M,11/10/1995,3/2/2024,2,"Education officer, community",440,367
441,Robert,Cooper,F,7/10/1967,7/26/2022,1,Multimedia specialist,441,103
442,Michele,Lloyd,M,10/4/1990,9/17/2020,2,Mining engineer,442,118
443,Joseph,Garner,F,2/14/1984,7/27/2021,4,Architect,443,248
444,Paul,Sanchez,M,2/15/1990,2/23/2022,7,Mining engineer,444,300
445,Adam,Cook,F,5/25/2000,10/7/2020,9,Graphic designer,445,420
446,Bradley,Marshall,M,11/20/1988,8/3/2022,9,Computer games developer,446,82
447,David,Sanders,M,1/5/1998,6/9/2023,1,"Conservation officer, nature",447,30
448,Amanda,Barrett,M,2/24/1966,1/1/2023,10,Immunologist,448,230
449,Gregory,Soto,F,2/15/1972,12/8/2022,2,"Conservation officer, nature",449,318
450,Lisa,Smith,F,10/29/1968,5/20/2024,1,Graphic designer,450,431
451,Angela,Chung,F,7/6/1981,10/18/2023,3,"Designer, industrial/product",451,102
452,Jason,Johnson,F,5/9/1989,3/16/2022,1,Immunologist,452,256
453,Michelle,Randall,F,1/24/1993,7/15/2023,9,Educational psychologist,453,318
454,Tiffany,Sandoval,M,11/7/1970,12/22/2021,3,"Conservation officer, nature",454,53
455,Kelly,Williams,F,9/2/1990,2/11/2024,2,Regulatory affairs officer,455,378
456,William,Jones,F,7/31/1984,3/8/2022,10,Computer games developer,456,47
457,Aaron,Wheeler,F,7/5/1999,12/10/2023,9,"Education officer, community",457,286
458,Jennifer,Harper,M,2/29/2000,12/7/2020,9,Agricultural engineer,458,473
459,Joe,Howell,F,12/27/2000,9/21/2023,1,"Radiographer, therapeutic",459,249
460,Jonathan,Olson,F,12/13/1976,9/8/2023,6,Immunologist,460,455
461,Elizabeth,Crawford,F,5/15/1965,8/24/2024,6,Psychiatrist,461,82
462,Mary,Simmons,F,9/16/1961,12/23/2023,9,Regulatory affairs officer,462,159
463,Shannon,Munoz,M,4/8/1987,8/19/2020,9,Psychiatrist,463,234
464,Tyrone,White,M,11/26/1971,12/9/2021,8,Chartered accountant,464,246
465,Michael,Whitaker,M,6/8/1986,4/23/2023,2,Multimedia specialist,465,244
466,Amanda,Campbell,M,9/23/1977,10/30/2020,6,Architect,466,177
467,Debbie,Trevino,F,5/2/1987,9/5/2020,2,"Designer, industrial/product",467,307
468,Nicholas,Morales,F,10/1/1970,1/31/2023,2,Computer games developer,468,189
469,Shane,Green,M,2/12/1960,8/16/2021,9,Chartered accountant,469,456
470,Rebecca,Wolf,F,9/23/1959,12/4/2023,3,Immunologist,470,424
471,Julie,Charles,M,12/25/1985,4/19/2020,1,"Conservation officer, nature",471,294
472,Greg,Harris,M,7/2/1990,8/18/2021,2,Immunologist,472,171
473,Terri,Brown,M,5/10/1987,6/14/2023,2,"Radiographer, therapeutic",473,94
474,Mary,Chan,M,11/24/1987,12/22/2023,7,Psychiatrist,474,100
475,Daniel,Allen,M,8/8/1970,11/7/2023,6,Educational psychologist,475,476
476,Renee,Ryan,F,2/19/1972,1/28/2024,1,Regulatory affairs officer,476,481
477,Courtney,Young,M,2/26/1992,12/7/2023,1,Chartered accountant,477,146
478,Tyler,Grimes,F,10/16/1984,8/22/2020,3,Computer games developer,478,37
479,Michelle,Velez,M,2/8/1960,10/1/2020,7,Architect,479,80
480,Anthony,Buchanan,F,6/25/2002,9/7/2020,7,Regulatory affairs officer,480,128
481,Luis,Salas,M,4/8/1993,3/12/2024,6,Chartered accountant,481,273
482,Frederick,Gillespie,F,5/9/1970,9/3/2023,7,Architect,482,240
483,Matthew,Richard,M,4/18/1983,7/22/2022,2,Graphic designer,483,194
484,Carol,Ford,M,9/27/1971,7/27/2022,9,Multimedia specialist,484,152
485,Robert,Lutz,M,5/28/1960,2/5/2020,5,Architect,485,212
486,Jerry,Conner,F,8/1/1996,8/4/2024,7,"Designer, industrial/product",486,266
487,Nicholas,Palmer,F,7/25/1964,2/26/2020,2,Multimedia specialist,487,210
488,Jose,Schmidt,F,6/25/1972,6/25/2024,3,"Restaurant manager, fast food",488,347
489,Karen,Rogers,M,1/29/1987,1/8/2021,6,"Radiographer, therapeutic",489,157
490,Anthony,Simon,F,3/25/1970,11/30/2021,3,Computer games developer,490,93
491,Daniel,Dominguez,M,6/20/1960,11/6/2021,10,Architect,491,107
492,Michael,Harvey,M,4/19/1981,4/18/2023,3,"Radiographer, therapeutic",492,61
493,Amy,Smith,F,7/4/1996,7/15/2022,6,Multimedia specialist,493,475
494,Brenda,Miller,F,9/18/1997,11/9/2022,10,"Radiographer, therapeutic",494,420
495,Mallory,Nelson,F,8/31/1985,1/4/2020,4,Computer games developer,495,477
496,Anna,Walsh,M,2/16/1986,8/15/2022,3,Multimedia specialist,496,198
497,Jon,Rollins,F,11/7/1993,12/14/2020,2,"Education officer, community",497,406
498,Tonya,Acevedo,M,3/11/1969,8/19/2023,7,Minerals surveyor,498,467
499,Jeffrey,Williams,F,6/30/1972,2/21/2021,8,Agricultural engineer,499,497
500,Caitlin,Davis,M,12/1/1969,12/5/2021,6,Forest/woodland manager,500,49
