job_id,job_title,department_id
1,Multimedia specialist,1
2,Minerals surveyor,2
3,Statistician,10
4,Regulatory affairs officer,7
5,Chartered accountant,10
6,Architect,3
7,"Designer, industrial/product",7
8,"Conservation officer, nature",2
9,"Education officer, community",3
10,Psychiatrist,1
11,Computer games developer,9
12,Immunologist,1
13,Writer,1
14,Forest/woodland manager,8
15,Agricultural engineer,1
16,Mining engineer,5
17,"Radiographer, therapeutic",6
18,Graphic designer,8
19,"Restaurant manager, fast food",5
20,Educational psychologist,4
