Customerid,firstname,lastname,email,phone,city,state
1,Jacqueline,Bates,Jacqueline@gmail.com,2558150966,Delhi,Delhi
2,Elizabeth,Brown,Elizabeth@gmail.com,6019866660,Kolkata,West Bengal
3,Jessica,Price,Jessica@gmail.com,9953693466,Bangalore,Karnataka
4,Brian,Jones,Brian@gmail.com,3232283906,Chandighar,Punjab
5,John,Lowery,John@gmail.com,5665170325,Pune,Maharashtra
6,Tommy,Houston,Tommy@gmail.com,3938690837,Delhi,Maharashtra
7,Crystal,Banks,Crystal@gmail.com,4577432947,Kolkata,West Bengal
9,Ralph,Herrera,Ralph@gmail.com,9036588969,Pune,Maharashtra
10,Denise,Acosta,Denise@gmail.com,3306783330,Kolkata,West Bengal
11,Alexandria,Pace,Pace@gmail.com,9279272564,Pune,Maharashtra
12,Kenneth,Henry,Henry@gmail.com,8903959159,Bangalore,Karnataka
13,Brian,Moore,Moore@gmail.com,9872906770,Mumbai,Maharashtra
14,Stephanie,Leon,Leon@gmail.com,9101792134,Pune,Maharashtra
16,Dan,Hurst,Dan@gmail.com,7546943238,Bangalore,Karnataka
17,Kristina,Clark,Clark@gmail.com,9205959360,Delhi,Madhya Pradesh
18,Mary,Jimenez,Mary@gmail.com,5472699194,Kolkata,West Bengal
19,Eugene,Owens,Eugene@gmail.com,2502333602,Mumbai,Maharashtra
20,Barbara,Logan,Logan@gmail.com,9574686270,Mumbai,Maharashtra
21,Lisa,Jackson,Lisa@gmail.com,1859792662,Pune,Maharashtra
22,Lauren,Hubbard,Lauren@gmail.com,9319486616,Chennai,Tamil Nadu
23,Suzanne,Smith,Suzanne@gmail.com,3463827955,Chandighar,Punjab
24,Carl,Jones,Carl@gmail.com,6307186996,Mumbai,Maharashtra
25,Christina,Mullen,Christina@gmail.com,2217593706,Delhi,Tamil Nadu
26,Sean,Best,Best@gmail.com,9616859406,Pune,Maharashtra
27,Mary,Rojas,Mary@gmail.com,6999228022,Chennai,Tamil Nadu
28,Dylan,Zavala,Dylan@gmail.com,5866360312,Kolkata,West Bengal
29,Nicole,Adams,Adams@gmail.com,9049863924,Kolkata,West Bengal
30,Tyler,Guerrero,Tyler@gmail.com,1834620856,Chandighar,Punjab
31,Jesus,King,Jesus@gmail.com,9559899374,Chandighar,Punjab
33,David,Abbott,David@gmail.com,5215826462,Bangalore,Karnataka
34,Karen,Gonzalez,Gonzalez@gmail.com,9692281553,Delhi,Madhya Pradesh
36,Kimberly,Moore,Kimberly@gmail.com,4930058641,Chandighar,Punjab
37,Tina,Espinoza,Espinoza@gmail.com,,,
38,Thomas,Burns,Thomas@gmail.com,7371963739,Pune,Maharashtra
39,Joshua,Marquez,Joshua@gmail.com,8874892804,Mumbai,Maharashtra
40,Tamara,Tucker,Tamara@gmail.com,7120841418,Pune,Maharashtra
41,Shawn,Garcia,Garcia@gmail.com,9234292704,Pune,Maharashtra
42,Shannon,Stanton,Shannon@gmail.com,5678357746,Bangalore,Karnataka
43,Tammy,Howard,Tammy@gmail.com,4188118716,Bangalore,Karnataka
44,Patricia,Rocha,Rocha@gmail.com,9853213910,Delhi,Tamil Nadu
45,Christopher,Simon,Simon@gmail.com,9136507164,Chennai,Tamil Nadu
46,Kelly Foley,Foley,Foley@gmail.com,9099799755,Bangalore,Karnataka
47,Faith,Torres,Faith@gmail.com,3909542982,Bhopal,Madhya Pradesh
48,Stephanie,Perry,Stephanie@gmail.com,5174322553,Chandighar,Punjab
49,John,Foster,John@gmail.com,5965274211,Chandighar,Punjab
50,Lee,Smith,Smith@gmail.com,9923714674,Delhi,Delhi
51,Christian,Zimmerman,Christian@gmail.com,9643869450,Kolkata,West Bengal
52,Kathryn,Black,Black@gmail.com,9129656942,Pune,Maharashtra
53,Bruce,Webb,Bruce@gmail.com,3795507732,Bhopal,Madhya Pradesh
54,Ashlee,Turner,Ashlee@gmail.com,6840527785,Pune,Maharashtra
58,Alexa,Burton,Alexa@gmail.com,7210187188,Bangalore,Karnataka
59,Bryan,Wagner,Bryan@gmail.com,6588959551,Chandighar,Punjab
60,Ryan,Wagner,Ryan@gmail.com,1348748634,Mumbai,Maharashtra
61,Michelle,Salas,Michelle@gmail.com,9370023990,Delhi,Tamil Nadu
62,Michael,Duran,Michael@gmail.com,7933390483,Kolkata,West Bengal
63,Terrance,Perez,Terrance@gmail.com,1658721763,Pune,Maharashtra
64,Peter,Parsons,Peter@gmail.com,7062573447,Delhi,Punjab
65,Leah,May,Leah@gmail.com,6481709464,Delhi,Karnataka
66,Sara,Lopez,Sara@gmail.com,4556890927,Bangalore,Karnataka
67,Joshua,Decker,Joshua@gmail.com,9036754889,Kolkata,West Bengal
68,Brent,Carrillo,Carrillo@gmail.com,9156755545,Delhi,Madhya Pradesh
69,Noah,Alvarez,Noah@gmail.com,9035301315,Bangalore,Karnataka
70,Johnny,Fisher,Johnny@gmail.com,4548914296,Bangalore,Karnataka
71,Emily,Hale,Emily@gmail.com,8839699180,Mumbai,Maharashtra
72,Victoria,Harris,Victoria@gmail.com,4346373890,Delhi,Tamil Nadu
73,Alexandria,Rios,Alexandria@gmail.com,3156504184,Kolkata,West Bengal
74,Kristen,Hicks,Hicks@gmail.com,9407924928,Chandighar,Punjab
75,Andrew,Hoffman,Andrew@gmail.com,6623232758,Delhi,Madhya Pradesh
76,April,Melendez,April@gmail.com,4039891362,Kolkata,West Bengal
77,Cheryl,Morales,Cheryl@gmail.com,5767097762,Pune,Maharashtra
78,Danielle,Peters,Danielle@gmail.com,3263800670,Chennai,Tamil Nadu
80,Adam,Gonzales,Adam@gmail.com,1381263048,Mumbai,Maharashtra
81,Jason,Richmond,Jason@gmail.com,6799612454,Pune,Maharashtra
82,Kevin,Schneider,Schneider@gmail.com,9624825555,Kolkata,West Bengal
83,Jenna,Vega,Jenna@gmail.com,9716627189,Pune,Maharashtra
84,Amanda,Gonzalez,Amanda@gmail.com,1110955815,Chandighar,Punjab
85,Shawn,Rodriguez,Shawn@gmail.com,9984374934,Kolkata,West Bengal
86,Jenna,Bridges,Jenna@gmail.com,4290385793,Kolkata,West Bengal
87,Sherri,Williamson,Sherri@gmail.com,5659199759,Chennai,Tamil Nadu
88,Kurt,Sullivan,Kurt@gmail.com,6413004052,Pune,Maharashtra
89,Kurt,Cruz,Cruz@gmail.com,9513125919,Kolkata,West Bengal
90,Joel,Roberts,Joel@gmail.com,3766947471,Bangalore,Karnataka
91,Beth,Miller,Miller@gmail.com,9531074795,Chennai,Tamil Nadu
92,Douglas,Potts,Douglas@gmail.com,3078811039,Delhi,Delhi
93,Dana,Morrison,Morrison@gmail.com,9094982379,Kolkata,West Bengal
94,Hannah,Snow,Hannah@gmail.com,8863969865,Pune,Maharashtra
95,Brittney,Evans,Brittney@gmail.com,4360379750,Delhi,Madhya Pradesh
96,Stephen,Baker,Stephen@gmail.com,1893078784,Delhi,Madhya Pradesh
98,Michelle,Munoz,Michelle@gmail.com,2495994335,Chennai,Tamil Nadu
99,Adam,Ibarra,Adam@gmail.com,1361645363,Delhi,Punjab
100,Marcus,Johnson,Marcus@gmail.com,8519101605,Mumbai,Maharashtra
