Orderid,Customerid,orderdate,Productid,paymentstatus,deliverystatus,Quantity,TotalAmount
Ord20240626,36,6/26/2024,Pre0,cancelled,cancelled,11,36608
Ord20231226,9,12/26/2023,Pre1,cancelled,cancelled,34,139604
Ord20240122,51,1/22/2024,Pro2,paid,delivered,64,79936
Ord20221030,98,10/30/2022,Sup3,paid,pending,65,545740
Ord20230429,99,4/29/2023,Pro4,paid,delivered,22,82258
Ord20230401,21,4/1/2023,Sup5,paid,pending,44,405636
Ord20240602,46,6/2/2024,Ult6,cancelled,pending,51,151470
Ord20230630,59,6/30/2023,Eco7,paid,delivered,66,568062
Ord20221114,95,11/14/2022,Pro8,cancelled,pending,21,15351
Ord20240907,20,9/7/2024,Eco9,pending,delivered,40,177080
Ord20240627,44,6/27/2024,Pre10,pending,pending,3,1239
Ord20221207,38,12/7/2022,Sup11,paid,pending,37,202279
Ord20240715,89,7/15/2024,New12,cancelled,pending,54,311526
Ord20230910,19,9/10/2023,Ult13,cancelled,delivered,90,360360
Ord20240308,17,3/8/2024,Sup14,paid,delivered,38,236398
Ord20240212,23,2/12/2024,Eco15,cancelled,delivered,41,383432
Ord20240707,69,7/7/2024,Eco16,cancelled,pending,92,361836
Ord20240709,92,7/9/2024,Ult17,pending,pending,55,373010
Ord20230703,98,7/3/2023,New18,cancelled,cancelled,1,3915
Ord20230514,82,5/14/2023,Sup19,cancelled,cancelled,74,110926
Ord20230219,23,2/19/2023,Pro20,cancelled,cancelled,52,496756
Ord20230428,63,4/28/2023,Eco21,pending,pending,38,286862
Ord20240204,11,2/4/2024,Pro22,cancelled,pending,71,164436
Ord20240304,88,3/4/2024,Pro23,paid,cancelled,25,81575
Ord20221228,9,12/28/2022,Eco25,pending,pending,24,65190
Ord20240727,45,7/27/2024,New26,pending,delivered,41,359992
Ord20230410,11,4/10/2023,Eco27,cancelled,pending,68,488501
Ord20240607,4,6/7/2024,New28,paid,delivered,53,574938
Ord20230503,13,5/3/2023,Sup29,pending,cancelled,78,130608
Ord20231122,63,11/22/2023,Pro30,cancelled,delivered,48,60578
Ord20230430,26,4/30/2023,Pro31,cancelled,delivered,14,39488
Ord20230724,92,7/24/2023,Eco32,paid,cancelled,64,138210
Ord20240624,88,6/24/2024,New33,pending,cancelled,15,383565
Ord20240701,14,7/1/2024,Sup34,cancelled,delivered,39,94177
Ord20230124,40,1/24/2023,New35,paid,delivered,41,187023
Ord20231102,23,11/2/2023,Eco37,pending,pending,93,7251
Ord20221216,4,12/16/2022,Ult38,paid,cancelled,75,153032
Ord20240820,14,8/20/2024,Eco39,paid,pending,1,14820
Ord20230729,74,7/29/2023,Ult40,pending,cancelled,47,85490
Ord20230301,24,3/1/2023,Eco41,pending,cancelled,39,70014
Ord20230318,78,3/18/2023,Sup42,paid,cancelled,10,590976
Ord20230320,60,3/20/2023,Sup43,pending,delivered,42,636935
Ord20241003,23,10/3/2024,Eco44,cancelled,delivered,64,39951
Ord20231207,73,12/7/2023,Pre45,cancelled,delivered,65,356928
Ord20221202,73,12/2/2022,Pre46,pending,cancelled,9,227514
Ord20240311,80,3/11/2024,Pro47,pending,delivered,48,109134
Ord20240815,14,8/15/2024,Pro48,paid,delivered,42,204820
Ord20240429,72,4/29/2024,Pro49,paid,delivered,43,350688
Ord20240209,96,2/9/2024,Ult50,pending,cancelled,95,160550
Ord20240706,70,7/6/2024,Pre51,pending,cancelled,52,552632
Ord20230611,100,6/11/2023,New52,pending,cancelled,38,26196
Ord20240508,29,5/8/2024,Eco53,cancelled,cancelled,74,334524
Ord20231011,93,10/11/2023,Eco54,cancelled,cancelled,4,179622
Ord20230922,1,9/22/2023,Sup55,pending,delivered,61,46620
Ord20240905,95,9/5/2024,New56,pending,pending,18,94040
Ord20230205,91,2/5/2023,Ult57,pending,cancelled,10,52140
Ord20240422,11,4/22/2024,Eco58,cancelled,cancelled,10,8112
Ord20230130,77,1/30/2023,Eco59,cancelled,delivered,55,238608
Ord20240524,4,5/24/2024,Eco60,paid,delivered,8,121620
Ord20240621,85,6/21/2024,Pre61,paid,delivered,36,98262
Ord20240918,23,9/18/2024,Ult62,paid,cancelled,20,115920
Ord20240913,25,9/13/2024,Eco63,paid,cancelled,18,132951
Ord20231213,72,12/13/2023,Pre64,pending,pending,40,472064
Ord20231130,64,11/30/2023,New65,pending,pending,39,110608
Ord20240912,72,9/12/2024,Eco67,paid,cancelled,64,9175
Ord20230926,24,9/26/2023,Pre68,paid,pending,62,108570
Ord20240702,84,7/2/2024,Ult69,paid,delivered,67,231043
Ord20240116,41,1/16/2024,Ult70,pending,cancelled,25,326249
Ord20240217,12,2/17/2024,New71,paid,cancelled,22,341301
Ord20230528,93,5/28/2023,Ult72,cancelled,pending,31,159030
Ord20231025,54,10/25/2023,Sup73,cancelled,pending,77,274572
Ord20240329,50,3/29/2024,New75,pending,pending,87,740509
Ord20230208,94,2/8/2023,Pro76,cancelled,pending,45,28476
Ord20230317,2,3/17/2023,New78,cancelled,pending,29,93600
Ord20230308,61,3/8/2023,Pre79,cancelled,cancelled,28,415740
Ord20221107,45,11/7/2022,Pre80,pending,cancelled,77,564954
Ord20230325,41,3/25/2023,Pro81,pending,delivered,12,91364
Ord20230302,52,3/2/2023,Pre82,paid,cancelled,68,226000
Ord20230824,38,8/24/2023,Sup83,pending,cancelled,36,126016
Ord20221022,33,10/22/2022,Eco84,paid,delivered,60,39947
Ord20231105,59,11/5/2023,Eco85,pending,cancelled,78,527250
Ord20230811,31,8/11/2023,New86,cancelled,cancelled,28,6060
Ord20240511,23,5/11/2024,Pre87,cancelled,cancelled,25,48924
Ord20230523,28,5/23/2023,New88,pending,pending,64,37352
Ord20230209,28,2/9/2023,New89,pending,pending,43,417354
Ord20230309,67,3/9/2023,Ult90,pending,pending,57,67662
Ord20230513,34,5/13/2023,Sup91,paid,pending,30,97213.88
Ord20240315,53,3/15/2024,Ult92,paid,delivered,12,8861.34
Ord20240421,68,4/21/2024,Pre93,cancelled,pending,92,139791.12
Ord20240609,86,6/9/2024,Eco94,cancelled,cancelled,57,252133.5
Ord20231201,94,12/1/2023,Pro95,cancelled,pending,7,22369.32
Ord20221204,24,12/4/2022,New96,paid,pending,38,98238.66
Ord20230915,37,9/15/2023,Sup97,pending,pending,3,16182.46
Ord20240615,37,6/15/2024,Pro98,paid,cancelled,42,279035.11
Ord20240513,49,5/13/2024,Eco99,paid,cancelled,30,809171.09
