paymentid,Orderid,paymentdate,paymentmethod,Totalamount
IVVR20231011,Ord20240626,10/11/2023,Phonepay,36608
IVVR20230630,Ord20231226,6/30/2023,Cash,139604
IVVR20230929,Ord20240122,9/29/2023,Phonepay,79936
IVVR20221213,Ord20221030,12/13/2022,Cash,545740
IVVR20231204,Ord20230429,12/4/2023,Phonepay,82258
IVVR20230907,Ord20230401,9/7/2023,Phonepay,405636
IVVR20240308,Ord20240602,3/8/2024,Phonepay,151470
IVVR20230902,Ord20230630,9/2/2023,Phonepay,568062
IVVR20221031,Ord20221114,10/31/2022,Merchant Outlet,15351
IVVR20221105,Ord20240907,11/5/2022,Phonepay,177080
IVVR20240801,Ord20240627,8/1/2024,Merchant Outlet,1239
IVVR20230509,Ord20221207,5/9/2023,Phonepay,202279
IVVR20230707,Ord20240715,7/7/2023,Phonepay,311526
IVVR20231104,Ord20230910,11/4/2023,Cash,360360
IVVR20230713,Ord20240308,7/13/2023,Merchant Outlet,236398
IVVR20240205,Ord20240212,2/5/2024,Phonepay,383432
IVVR20221021,Ord20240707,10/21/2022,Phonepay,361836
IVVR20230315,Ord20240709,3/15/2023,Merchant Outlet,373010
IVVR20230913,Ord20230703,9/13/2023,Merchant Outlet,3915
IVVR20230312,Ord20230514,3/12/2023,Cash,110926
IVVR20230108,Ord20230219,1/8/2023,Cash,496756
IVVR20221116,Ord20230428,11/16/2022,Cash,286862
IVVR20230202,Ord20240204,2/2/2023,Phonepay,164436
IVVR20230919,Ord20240304,9/19/2023,Cash,81575
IVVR20240213,Ord20240707,2/13/2024,Phonepay,209160
IVVR20230609,Ord20221228,6/9/2023,Phonepay,65190
IVVR20230126,Ord20240727,1/26/2023,Cash,359992
IVVR20231016,Ord20230410,10/16/2023,Merchant Outlet,488501
IVVR20230603,Ord20240607,6/3/2023,Merchant Outlet,574938
IVVR20230120,Ord20230503,1/20/2023,Phonepay,130608
IVVR20230408,Ord20231122,4/8/2023,Phonepay,60578
IVVR20240523,Ord20230430,5/23/2024,Merchant Outlet,39488
IVVR20240630,Ord20240701,6/30/2024,Phonepay,94177
IVVR20240224,Ord20230124,2/24/2024,Cash,187023
IVVR20230808,Ord20230910,8/8/2023,Merchant Outlet,38025
IVVR20230116,Ord20231102,1/16/2023,Merchant Outlet,7251
IVVR20240208,Ord20221216,2/8/2024,Phonepay,153032
IVVR20230201,Ord20240820,2/1/2023,Cash,14820
IVVR20230407,Ord20230729,4/7/2023,Phonepay,85490
IVVR20241004,Ord20230301,10/4/2024,Phonepay,70014
IVVR20231124,Ord20230318,11/24/2023,Phonepay,590976
IVVR20231225,Ord20241003,12/25/2023,Phonepay,39951
IVVR20240611,Ord20231207,6/11/2024,Phonepay,356928
IVVR20230419,Ord20221202,4/19/2023,Merchant Outlet,227514
IVVR20240928,Ord20240311,9/28/2024,Merchant Outlet,109134
IVVR20240501,Ord20240815,5/1/2024,Merchant Outlet,204820
IVVR20230406,Ord20240429,4/6/2023,Merchant Outlet,350688
IVVR20240410,Ord20240706,4/10/2024,Phonepay,552632
IVVR20230112,Ord20230611,1/12/2023,Phonepay,26196
IVVR20230124,Ord20240508,1/24/2023,Phonepay,334524
IVVR20240325,Ord20231011,3/25/2024,Cash,179622
IVVR20240525,Ord20230922,5/25/2024,Phonepay,46620
IVVR20240214,Ord20240905,2/14/2024,Phonepay,94040
IVVR20221126,Ord20230205,11/26/2022,Phonepay,52140
IVVR20230427,Ord20240422,4/27/2023,Cash,8112
IVVR20230811,Ord20230130,8/11/2023,Cash,238608
IVVR20230516,Ord20240524,5/16/2023,Phonepay,121620
IVVR20230114,Ord20240621,1/14/2023,Merchant Outlet,98262
IVVR20230614,Ord20240918,6/14/2023,Phonepay,115920
IVVR20230827,Ord20240913,8/27/2023,Merchant Outlet,132951
IVVR20240513,Ord20231213,5/13/2024,Cash,472064
IVVR20231006,Ord20231130,10/6/2023,Phonepay,110608
IVVR20230831,Ord20240508,8/31/2023,Merchant Outlet,536469
IVVR20221027,Ord20240912,10/27/2022,Merchant Outlet,9175
IVVR20240521,Ord20230926,5/21/2024,Merchant Outlet,108570
IVVR20230115,Ord20240702,1/15/2023,Cash,231043
IVVR20231022,Ord20240116,10/22/2023,Merchant Outlet,326249
IVVR20240711,Ord20240217,7/11/2024,Cash,341301
IVVR20240916,Ord20230528,9/16/2024,Phonepay,159030
IVVR20231130,Ord20231025,11/30/2023,Phonepay,274572
IVVR20230804,Ord20230926,8/4/2023,Merchant Outlet,181804
IVVR20240409,Ord20240329,4/9/2024,Phonepay,740509
IVVR20230701,Ord20230208,7/1/2023,Phonepay,28476
IVVR20230429,Ord20221114,4/29/2023,Phonepay,644028
IVVR20230514,Ord20230317,5/14/2023,Cash,93600
IVVR20231009,Ord20221107,10/9/2023,Merchant Outlet,564954
IVVR20240425,Ord20230325,4/25/2024,Phonepay,91364
IVVR20240514,Ord20230302,5/14/2024,Merchant Outlet,226000
IVVR20230502,Ord20230824,5/2/2023,Merchant Outlet,126016
IVVR20230131,Ord20221022,1/31/2023,Cash,39947
IVVR20221127,Ord20231105,11/27/2022,Cash,527250
IVVR20231113,Ord20230811,11/13/2023,Merchant Outlet,6060
IVVR20221221,Ord20240511,12/21/2022,Phonepay,48924
IVVR20231212,Ord20230523,12/12/2023,Merchant Outlet,37352
IVVR20230505,Ord20230209,5/5/2023,Cash,417354
IVVR20221203,Ord20230513,12/3/2022,Merchant Outlet,97213.88
IVVR20240917,Ord20240421,9/17/2024,Cash,139791.12
IVVR20240629,Ord20240609,6/29/2024,Merchant Outlet,252133.5
IVVR20240408,Ord20231201,4/8/2024,Cash,22369.32
IVVR20230830,Ord20221204,8/30/2023,Merchant Outlet,98238.66
IVVR20230719,Ord20230915,7/19/2023,Cash,16182.46
IVVR20240622,Ord20240615,6/22/2024,Cash,279035.11
IVVR20221201,Ord20240513,12/1/2022,Phonepay,809171.09
