productid,Productname,Category,price
Pre0,Premium Laptop,Laptop,3328
Pre1,Premium Laptop,Laptop,4106
Pro2,Pro Laptop,Laptop,1249
Sup3,Super Laptop,Laptop,8396
Pro4,Pro Laptop,Laptop,3739
Sup5,Super Laptop,Laptop,9219
Ult6,Ultimate Laptop,Laptop,2970
Eco7,Eco Laptop,Laptop,8607
Pro8,Pro Laptop,Laptop,731
Eco9,Eco Laptop,Laptop,4427
Pre10,Premium Laptop,Laptop,413
Sup11,Super Laptop,Laptop,5467
New12,New Laptop,Laptop,5769
Ult13,Ultimate Laptop,Laptop,4004
Sup14,Super Laptop,Laptop,6221
Eco15,Eco Laptop,Laptop,9352
Eco16,Eco Laptop,Laptop,3933
Ult17,Ultimate Laptop,Laptop,6782
New18,New Laptop,Laptop,3915
Sup19,Super Laptop,Laptop,1499
Pro20,Pro Laptop,Laptop,9553
Eco21,Eco Laptop,Laptop,7549
Pro22,Pro Laptop,Laptop,2316
Pro23,Pro Laptop,Laptop,3263
Pro24,Pro Smartphone,Smartphone,8715
Eco25,Eco Smartphone,Smartphone,1590
New26,New Smartphone,Smartphone,5294
Eco27,Eco Smartphone,Smartphone,9217
New28,New Smartphone,Smartphone,7371
Sup29,Super Smartphone,Smartphone,2721
Pro30,Pro Smartphone,Smartphone,4327
Pro31,Pro Smartphone,Smartphone,617
Eco32,Eco Smartphone,Smartphone,9214
New33,New Smartphone,Smartphone,9835
Sup34,Super Smartphone,Smartphone,2297
New35,New Smartphone,Smartphone,2011
Ult36,Ultimate Smartphone,Smartphone,507
Eco37,Eco Smartphone,Smartphone,7251
Ult38,Ultimate Smartphone,Smartphone,3256
Eco39,Eco Smartphone,Smartphone,380
Ult40,Ultimate Smartphone,Smartphone,8549
Eco41,Eco Smartphone,Smartphone,1667
Sup42,Super Smartphone,Smartphone,9234
Sup43,Super Smartphone,Smartphone,9799
Eco44,Eco Smartphone,Smartphone,4439
Pre45,Premium Smartphone,Smartphone,7436
Pre46,Premium Smartphone,Smartphone,5417
Pro47,Pro Smartphone,Smartphone,2538
Pro48,Pro Smartphone,Smartphone,2156
Pro49,Pro Watch,Watch,6744
Ult50,Ultimate Watch,Watch,4225
Pre51,Premium Watch,Watch,7468
New52,New Watch,Watch,6549
Eco53,Eco Watch,Watch,5484
Eco54,Eco Headphones,Headphones,9979
Sup55,Super Headphones,Headphones,4662
New56,New Headphones,Headphones,9404
Ult57,Ultimate Headphones,Headphones,948
Eco58,Eco Headphones,Headphones,1014
Eco59,Eco Camera,Camera,6628
Eco60,Eco Camera,Camera,6081
Pre61,Premium Camera,Camera,5459
Ult62,Ultimate Camera,Camera,2898
Eco63,Eco Camera,Camera,3409
Pre64,Premium Camera,Camera,7376
New65,New Camera,Camera,1784
Eco66,Eco Camera,Camera,8007
Eco67,Eco Camera,Camera,367
Pre68,Premium Camera,Camera,4935
Ult69,Ultimate Camera,Camera,7453
Ult70,Ultimate Camera,Camera,4237
New71,New Tablet,Tablet,3923
Ult72,Ultimate Tablet,Tablet,3534
Sup73,Super Tablet,Tablet,9468
Eco74,Eco Tablet,Tablet,6493
New75,New Tablet,Tablet,9617
Pro76,Pro Tablet,Tablet,2373
New77,New Tablet,Tablet,9471
New78,New Tablet,Tablet,2600
Pre79,Premium Tablet,Tablet,6929
Pre80,Premium Tablet,Tablet,7243
Pro81,Pro Speaker,Speaker,3263
Pre82,Premium Speaker,Speaker,9040
Sup83,Super Speaker,Speaker,1969
Eco84,Eco Speaker,Speaker,929
Eco85,Eco Speaker,Speaker,9250
New86,New Speaker,Speaker,202
Pre87,Premium Speaker,Speaker,4077
New88,New Speaker,Speaker,406
New89,New Speaker,Speaker,7322
Ult90,Ultimate Speaker,Speaker,9666
Sup91,Super Monitor,Monitor,2558.26
Ult92,Ultimate Monitor,Monitor,2953.78
Pre93,Premium Monitor,Monitor,3328.36
Eco94,Eco Monitor,Monitor,8404.45
Pro95,Pro Monitor,Monitor,1242.74
New96,New Monitor,Monitor,3387.54
Sup97,Super Monitor,Monitor,8091.23
Pro98,Pro Monitor,Monitor,3532.09
Eco99,Eco Monitor,Monitor,8341.97
