Product code,Product,Category,Unit cost  Price,Unit sales price Price
RFT488,Masalas,Oil & Masala,38.76,64.77
SER118,Atta & Flour,Food Grains,182.9,248.95
SER773,Fresh Vegetables,Fruits & Veggies,18.75,27.78
RFT452,Organic Staples,Food Grains,35.91,79.56
CLP190,Fresh Fruits,Fruits & Veggies,48.55,77.61
TYD470,Biscuits,Bakery,14.86,25.06
CLW531,Cakes,Bakery,31.96,59.97
TYD646,Chocolates,Snacks,77.12,115.12
SER178,Eggs,Eggs Meat & Fish,9.81,19.47
RFT905,Cookies,Snacks,58.43,89.05
CLP156,Chicken,Eggs Meat & Fish,15.58,26.63
TYD882,Edible Oil & Ghee,Oil & Masala,267.84,323.6
TYD388,Mutton,Eggs Meat & Fish,31.87,62.86
CLP243,Organic Vegetables,Fruits & Veggies,24.76,37.91
RFT600,Noodles,Snacks,20.42,32.77
CLW680,Organic Fruits,Fruits & Veggies,33.3,50.26
SER962,Fish,Eggs Meat & Fish,60.52,119.09
CLW714,Spices,Oil & Masala,69.3,121.62
CLP711,Rice,Food Grains,39.43,67.39
SER215,Breads & Buns,Bakery,160.08,222.68
