Customer Code,Customer Name,Gender ,Age
HAR807,Harish,F,17
SUD975,Sudha,F,22
HUS152,Hussain,M,34
JAC965,Jackson,F,21
RID114,Ridhesh,F,20
ADA740,Adavan,F,37
JON668,Jonas,M,35
HAF585,Hafiz,F,28
KRI619,Krithika,F,24
GAN658,Ganesh,F,35
YAD669,Yadav,M,23
SHA647,Sharon,F,25
PEE150,Peer,M,18
SUN805,Sundar,M,34
RAM987,Ramesh,M,22
ALA245,Alan,F,29
ARU317,Arutra,F,17
HAS820,Haseena,F,35
VER473,Verma,F,36
MUN941,Muneer,M,36
VER526,Veronica,M,23
SHA856,Shah,F,22
MAT354,Mathew,F,27
AKA783,Akash,F,30
ANU801,Anu,M,20
SAB748,Sabeela,F,37
JAM479,James,M,32
WIL124,Willams,F,31
MAL568,Malik,F,18
AMR770,Amrish,M,23
VIN832,Vince,F,37
SUR204,Suresh,F,20
EST936,Esther,M,21
YUS862,Yusuf,F,32
KOM704,Komal,M,21
VEE989,Veena,F,21
SHR727,Shree,M,25
ROS891,Roshan,F,31
SUD871,Sudeep,F,18
VIN295,Vinne,M,31
VID674,Vidya,F,24
ARV919,Arvind,M,32
KUM401,Kumar,M,34
AMY676,Amy,M,34
RAV755,Ravi,M,37
SHE154,Sheeba,M,22
RAM339,Ram,M,24
RUM621,Rumaiza,M,28
ADI297,Aditi,F,34
SUR652,Surya,F,36
