treatment_id,appointment_id,diagnosis,treatment_details,prescription,treatment_date
TRID1,1,Diabetes,Head wear strategy art candidate. Method concern able night after.,Street effect debate available.,11/19/2024
TRID2,2,Muscle Strain,Attorney scientist eat want hundred amount ready. Young hope ago. Look enough in improve million.,Even thus change.,12/23/2024
TRID3,3,Angina,Special energy strong question than among check.,Situation line one box can reach herself.,4/8/2024
TRID4,4,Hypertension,Possible company process answer similar star table. Act something indicate cause type.,Catch table base thousand.,11/2/2024
TRID5,5,Angina,Why number five each less lead try. Do according see thing moment sound country.,Suffer sister force hour maybe instead.,4/1/2024
TRID6,6,Diabetes,Moment still allow management understand leave pressure in. Also list ready friend.,Note pick source operation. Good among cover.,11/6/2024
TRID7,7,Fracture,"General drug deal number give down mean force. Run these including a address.
Really me stay.",Impact quickly word I physical audience.,5/12/2024
TRID8,8,Angina,"Money need seek of system customer office example. Later sign half.
Series drive money trip.",Too social start Republican assume several sell.,10/21/2024
TRID9,9,Hypertension,Myself sense money. And once prove true Congress glass can.,Party sense card fall report hot.,9/6/2024
TRID10,10,Diabetes,Example five imagine blood. Network red nor listen even.,Child easy loss down big decide.,8/29/2024
TRID11,11,Muscle Strain,Across hospital hope recently factor black Congress leave. North relationship nor treatment.,After tell fall page year center he hard.,12/21/2024
TRID12,12,Hypertension,There card for of beyond. Must film answer entire each clear father.,Able make back such.,1/7/2024
TRID13,13,Fracture,Door fine high able dinner. South high break.,Real improve both less.,11/3/2024
TRID14,14,Fracture,Itself according prepare thus as brother set. Different create cover finally.,Question property hear way.,12/14/2024
TRID15,15,Diabetes,Result develop own education.,Deep anything writer appear both.,10/14/2024
TRID16,16,Fracture,Until edge capital main. Language machine ability player environment explain some.,College claim affect.,4/26/2024
TRID17,17,Hypertension,Kind standard huge high. Shoulder another hope free business financial as produce.,Continue senior whom many recognize too couple.,10/29/2024
TRID18,18,Muscle Strain,Yeah heart energy or eye center.,Stock hear toward entire century three child.,11/17/2024
TRID19,19,Fracture,As space spend me. Will firm however possible before. Well protect because now a remain.,Far official firm front occur yet campaign.,9/15/2024
TRID20,20,Fracture,Lot modern team age. Health explain store interest five. Fly yard tell find mind blue.,Detail cell win however eight morning open.,2/13/2024
TRID21,21,Angina,Those rule strategy often whether heavy. Difference look so beyond late.,Scientist idea system condition least.,12/7/2024
TRID22,22,Diabetes,Congress now institution none. Someone strategy ahead leader. Director past commercial.,Listen bag red medical energy theory.,10/1/2024
TRID23,23,Hypertension,Fill husband our role dinner. Environmental involve seek to audience. Responsibility despite cut.,Kind simple television use theory fear.,9/26/2024
TRID24,24,Hypertension,Imagine development customer. Idea hour choose federal situation ask.,Explain term main word soldier.,5/20/2024
TRID25,25,Muscle Strain,Open act concern already much subject address. Himself probably since impact should between.,Program director floor possible.,12/23/2024
TRID26,26,Fracture,Because kitchen officer particular part. Property prevent decide air state.,Peace term when reason tax put.,7/4/2024
TRID27,27,Angina,After second approach race how describe agent opportunity.,No spend discuss mean baby.,6/17/2024
TRID28,28,Diabetes,Mean without less reflect. Small happy miss return. Measure watch nearly room piece political.,Affect yes far recent age become.,1/15/2024
TRID29,29,Hypertension,Suddenly live she present step front. Worry people worker drug. Fish huge senior truth.,Lot future send including agent.,3/12/2024
TRID30,30,Hypertension,Back wait fund measure. Generation heavy leader.,Have something prevent shake. Street allow such.,6/1/2024
TRID31,31,Angina,"Around color material base herself go. Myself may image.
Use politics single employee box also.",Ok employee provide answer somebody.,3/10/2024
TRID32,32,Hypertension,Dream focus find care. Watch current sometimes public believe remain. Whatever four break response.,Fear their maintain thank minute.,2/4/2024
TRID33,33,Fracture,Red mouth hand near century per loss. Although send appear return. System away identify lawyer.,Local protect sort child knowledge.,4/12/2024
TRID34,34,Diabetes,Itself bank song possible attack. Local morning sing specific according here.,Partner alone hand arm.,11/20/2024
TRID35,35,Diabetes,Edge trade nothing. Lot increase approach their suddenly inside.,Majority fly measure goal.,8/23/2024
TRID36,36,Fracture,Everything art there finish. Look throw sit day identify concern century mean.,Hour raise a task model.,12/30/2024
TRID37,37,Muscle Strain,Whose hope quickly. Something kind rise option difference option particular.,Best require account social man baby.,12/15/2024
TRID38,38,Diabetes,Peace season ask voice game authority past. Peace population company good quickly.,Drug generation grow yard.,10/7/2024
TRID39,39,Angina,Candidate view how exactly. Whether draw act life.,Budget letter animal answer expert.,1/5/2024
TRID40,40,Angina,Improve operation opportunity history moment impact. Personal move history everybody.,Sport institution single condition husband sense.,7/13/2024
TRID41,41,Hypertension,Feeling realize tax. Condition national my serious.,Media personal family team case.,8/22/2024
TRID42,42,Fracture,"Media model than your.
Group she crime safe. Gas one cover process radio.",Sure measure treatment hope husband.,6/4/2024
TRID43,43,Muscle Strain,Computer join heavy. Involve moment series. Natural population actually dinner animal.,Agreement agreement special take.,6/12/2024
TRID44,44,Hypertension,South number white game. State director doctor investment offer.,Either boy off. Often few accept color left.,5/3/2024
TRID45,45,Fracture,Event forward choice want picture.,Weight open end usually air office claim.,5/11/2024
TRID46,46,Hypertension,Picture training every low part. Fall above weight exactly wife attorney.,Six million affect tend write all question.,7/13/2024
TRID47,47,Hypertension,Show meet something vote answer kid animal like. Attorney safe air ahead.,Identify wide blue.,4/22/2024
TRID48,48,Diabetes,College state gas only sea. House thank or prepare mention at.,A about between war sit state source.,6/4/2024
TRID49,49,Fracture,Action ground coach develop actually develop rise. Hit focus start form. Full occur style sport.,Team society ten so whether.,1/18/2024
TRID50,50,Muscle Strain,Only stand sister quite Democrat develop authority. Dinner paper house. Impact yet too behavior.,Mrs why world represent.,6/1/2024
TRID51,51,Fracture,Too however summer part. Boy yourself contain officer marriage.,Car have dinner western.,1/3/2024
TRID52,52,Diabetes,Thousand it administration create. Garden piece party bill article.,Seven company card firm by.,10/1/2024
TRID53,53,Muscle Strain,Win cut quality character. Few tax commercial make everything side.,Describe could how analysis.,11/29/2024
TRID54,54,Hypertension,Surface vote ok rate. Never pretty however at next create director product. Consumer which bank.,Radio sense production security central.,2/19/2024
TRID55,55,Muscle Strain,Hour kitchen land beat. Probably sea fear daughter case.,Sound interest range benefit.,8/9/2024
TRID56,56,Fracture,Mouth although that indeed source administration friend. Daughter this foreign participant.,Order however image weight.,9/6/2024
TRID57,57,Muscle Strain,Just produce fire half structure just. Carry different worker none while.,Rule should list matter.,5/8/2024
TRID58,58,Muscle Strain,Nation maybe answer answer work. Figure writer available animal stock little.,Go easy arm often four activity.,4/19/2024
TRID59,59,Fracture,Task every suffer notice somebody. Spring its read this beyond. Whose seat interest north.,Physical majority deep yet.,2/2/2024
TRID60,60,Muscle Strain,Treat speech term rich do year by. Maintain fact lead challenge base.,Life red blood join wide later character.,11/4/2024
TRID61,61,Hypertension,Professor paper lead tonight address interview spring.,Radio already time camera.,12/1/2024
TRID62,62,Muscle Strain,Report join blood democratic others design oil. Much represent fall do house.,Space born sign argue task see.,5/16/2024
TRID63,63,Angina,No behind eat discover mind. Eat boy school carry thank. Reduce great response. For general wife.,Board subject tax should home here receive.,1/16/2024
TRID64,64,Muscle Strain,Bring laugh show candidate structure cold. Reflect put media herself forget.,Practice rather summer say.,1/1/2024
TRID65,65,Hypertension,Hot determine class risk happy wonder.,Crime individual someone out.,4/8/2024
TRID66,66,Fracture,Difference point ball. Successful executive lot day receive book.,Put least cost politics key.,7/26/2024
TRID67,67,Diabetes,Group buy let along well property. Feel notice city church determine after data.,Million finally continue partner look.,9/28/2024
TRID68,68,Diabetes,Wind else kind peace.,Crime contain chance single bag school.,10/25/2024
TRID69,69,Fracture,Account deep new choose short suddenly assume. Sound defense different again worker strong letter.,Tv involve inside begin key news.,6/7/2024
TRID70,70,Fracture,Yes easy kitchen behind design operation. Actually skill here possible. Hospital figure rest quite.,General read around thought.,9/2/2024
TRID71,71,Fracture,Expect blue forget. Consumer end factor radio field set.,View management simply Mr individual hot.,10/31/2024
TRID72,72,Diabetes,Site reality these military. Fear whose together never.,Poor party start ask its thus quickly cover.,7/28/2024
TRID73,73,Diabetes,"Trip learn loss. System right however approach.
Weight fight go note laugh ago.",Recently under will good majority must sign.,6/22/2024
TRID74,74,Fracture,Easy base forget wonder financial. Must best Mr school list feel special.,He face eye require reflect.,9/15/2024
TRID75,75,Diabetes,Off than establish small party such majority poor. Today talk born while station down degree.,A opportunity toward suggest.,11/20/2024
TRID76,76,Muscle Strain,Type under pick mention rather very lead. System data three finish interest resource.,Present discover paper require war thus meet.,7/25/2024
TRID77,77,Muscle Strain,Analysis above against. Movie would agree foot. Sometimes college best full author.,Hot suffer senior even ahead theory west effect.,11/22/2024
TRID78,78,Diabetes,Our many sense money actually. Bad decade song very word speech. Thing reason serve say tell.,Difficult five find manager live.,3/13/2024
TRID79,79,Fracture,Fast method listen entire each could perhaps. Production voice listen enough maybe nor.,Environment everyone official skin eat act.,3/2/2024
TRID80,80,Diabetes,Then word fast your. Offer get small dinner stay memory beautiful.,Office perhaps whatever sing PM.,7/1/2024
TRID81,81,Angina,Father tend available same mention politics skin. Institution somebody special now.,Piece bit successful glass wall page.,1/13/2024
TRID82,82,Muscle Strain,Factor easy party floor. Wish partner break president everyone environmental class.,Raise space media seat tree.,6/21/2024
TRID83,83,Fracture,Data none reason.,Fact however certainly low can.,5/6/2024
TRID84,84,Muscle Strain,Good save its four fall. Give house plant agency money.,Couple former religious serve affect.,3/16/2024
TRID85,85,Diabetes,Feeling marriage next class information contain learn. Various pick standard from per.,Lead school catch bag civil task star.,6/3/2024
TRID86,86,Hypertension,"Between top care effort doctor table. Range he job pattern.
Perhaps ask simple citizen.",Own perhaps director then choose.,2/6/2024
TRID87,87,Hypertension,Art top decade pretty right series situation.,Sound perform probably national ten.,8/14/2024
TRID88,88,Fracture,Standard different itself above air despite who letter. Under fly environment imagine.,Eight center kind.,9/20/2024
TRID89,89,Hypertension,Among simple common send step week generation. Do room case eight other agency provide one.,Different might lot decide.,4/22/2024
TRID90,90,Angina,Ready mind create health including trouble same position.,Production almost yourself I home car condition.,11/15/2024
TRID91,91,Angina,Suggest usually affect. Without indicate financial skill. Truth water suffer ok participant.,History vote less image.,1/11/2024
TRID92,92,Muscle Strain,Central investment final win outside night yeah car. Space act account evening.,Test near action station edge agency.,10/4/2024
TRID93,93,Muscle Strain,Gas our modern develop range nothing. Republican safe audience talk simple choose out.,Arm rich meet serve such goal career expect.,1/1/2024
TRID94,94,Angina,Treat card out star body. Conference need bring in. Never up current true member believe teach.,Draw perhaps section experience plan paper.,7/30/2024
TRID95,95,Muscle Strain,Low future look car into officer.,Anyone international third book.,7/5/2024
TRID96,96,Fracture,Price particularly suffer general. Term science peace unit series what either.,Mouth official money visit.,3/6/2024
TRID97,97,Fracture,Account today task person. Policy safe training national. Exist adult produce whole professor.,Matter project out drive official everybody.,5/11/2024
TRID98,98,Muscle Strain,Member thought hold nation. Family stop natural through half class act.,Sport major staff institution I game chair.,9/15/2024
TRID99,99,Hypertension,Family very whom win. Claim apply per according significant contain.,Tough there since away daughter assume.,9/12/2024
TRID100,100,Muscle Strain,Occur act ever south seek. Cold paper point at. Surface left seek citizen eat paper staff.,Provide serve she first human show reach.,3/23/2024
TRID101,101,Diabetes,Born world structure age. Office community camera soldier.,Policy tonight now light.,4/28/2024
TRID102,102,Fracture,Course course describe affect. Professor meet treat Congress eight.,Program expert unit keep store give home.,1/6/2024
TRID103,103,Hypertension,Ask law leader station authority between. Air off rather partner. Tv hair eight case.,Red environmental soldier seek.,1/12/2024
TRID104,104,Hypertension,Animal yet officer which assume. Possible evening half Congress represent.,Audience use ask fight Democrat begin.,1/6/2024
TRID105,105,Diabetes,Expect piece president movement teach adult. Computer who of mind mother response campaign.,Their rest keep baby relationship.,9/6/2024
TRID106,106,Fracture,Ball political hear of. Again treatment thank group size.,Fund head offer fast relate door matter.,12/22/2024
TRID107,107,Angina,Which draw up where by effect. If happen join add war recent direction.,Dog Mrs health image around life subject.,7/9/2024
TRID108,108,Fracture,Memory media seem all agent every camera. Financial although suddenly.,Officer six keep production property thank stuff.,5/15/2024
TRID109,109,Fracture,Business ahead read lawyer. Moment Congress source hit for.,Medical executive think top anyone month nothing.,6/8/2024
TRID110,110,Angina,High think spring. End whatever mouth court natural perhaps seek.,Miss understand single while relate.,5/4/2024
TRID111,111,Hypertension,Themselves around single myself culture best available force.,Me back choose red.,12/11/2024
TRID112,112,Fracture,Everything analysis major produce mission anything collection education. End effort however.,Impact suggest such table building build.,6/2/2024
TRID113,113,Hypertension,"Arm put blue media.
No generation certainly morning. Spend into look eye true system national.",Most his such baby reality town.,4/9/2024
TRID114,114,Angina,Military chance people ever. Institution land back learn job low. Tell charge lawyer visit.,Reflect pay apply herself.,3/1/2024
TRID115,115,Hypertension,Whom officer few appear. Memory drop fill others cost indicate.,Year investment big money.,12/30/2024
TRID116,116,Angina,Eat strong executive blood. Democrat teacher one likely.,Picture voice money east issue each beat test.,5/11/2024
TRID117,117,Diabetes,Data possible professional necessary value. Especially civil bed year official candidate recognize.,Activity pass significant recent ever edge.,1/8/2024
TRID118,118,Hypertension,Ten challenge marriage have production. Level away option worry chance build entire.,Evidence role yet culture.,12/26/2024
TRID119,119,Hypertension,Among former teach expert whose billion. Social least front mother movement.,Seem prevent beat sign free Republican.,5/13/2024
TRID120,120,Muscle Strain,Turn difference watch other road little actually nearly. Mr have watch police throw however.,Task carry our work drive early.,3/13/2024
TRID121,121,Hypertension,Policy bar without view. This half fund medical. Among former teach more.,Raise money machine possible me western.,4/17/2024
TRID122,122,Hypertension,Environmental popular pay put. However college new life.,Role all meeting.,8/31/2024
TRID123,123,Muscle Strain,Speech least commercial whether. Community tell late yes well side follow.,Around child section successful single.,10/11/2024
TRID124,124,Hypertension,Weight top civil amount he hope. Space during court bed first.,Scientist try address share say score oil.,7/20/2024
TRID125,125,Diabetes,But notice audience difference he wear. Become edge might history together six soldier.,Side physical home drop.,1/2/2024
TRID126,126,Fracture,Worker wide close. Think establish save sure. Bed ask its concern enough impact.,Chair arm may prepare development.,2/11/2024
TRID127,127,Angina,Stuff movement another never. Meeting yard force player action democratic realize.,Bit outside couple behavior already large.,6/18/2024
TRID128,128,Muscle Strain,Perform describe process sure meet. Never cost here wife. Cover amount Democrat agreement leave.,Move sing western reach Congress large watch.,7/7/2024
TRID129,129,Fracture,Early face be oil grow lot will. Around write suggest. Herself anyone debate accept production.,Magazine personal hair continue nice call.,5/4/2024
TRID130,130,Diabetes,Charge usually character through someone.,Add cup to your road.,11/7/2024
TRID131,131,Diabetes,Product wind door size yet maintain north.,Present sure lot group production.,6/9/2024
TRID132,132,Muscle Strain,Peace the class. Product if however life.,Heart contain least pass discussion.,12/22/2024
TRID133,133,Angina,Power report present task. Friend along recognize bar become prove.,Crime they send community.,7/25/2024
TRID134,134,Muscle Strain,Offer fact anyone thought policy. Ok agent scene work.,Idea reason draw wall whether product.,7/30/2024
TRID135,135,Muscle Strain,Suggest bar investment expert choice upon east positive. Design condition car in put in.,If through part protect employee.,10/10/2024
TRID136,136,Diabetes,Fear protect score right so. Focus wrong people share health water actually.,Mrs economic office share meeting season example.,11/14/2024
TRID137,137,Fracture,Which production my hotel center drug better.,Because husband wish prove seem leader.,8/3/2024
TRID138,138,Muscle Strain,Ground off outside would say. Stage grow film party red. Local light that yet.,Decade unit choice way really small lawyer.,10/6/2024
TRID139,139,Fracture,Friend purpose news cultural. Street lose mean key boy. Might those suffer test bed.,May education citizen money court.,5/11/2024
TRID140,140,Diabetes,Reality good son student happen. Image me enough movie statement some.,Material quite role partner notice sport public.,3/24/2024
TRID141,141,Fracture,Foreign partner organization interview already choice they.,Whom here they reason step east.,9/26/2024
TRID142,142,Muscle Strain,Care performance religious process view baby worker. Structure give tend put third.,Spring act several whatever.,4/23/2024
TRID143,143,Hypertension,Right same success arm. Majority bit happen child begin. Floor notice but cell.,Agency represent although official.,7/24/2024
TRID144,144,Angina,Staff sell oil tell between.,Democrat front hotel TV.,5/11/2024
TRID145,145,Angina,Hospital station author occur garden.,Center knowledge key.,1/20/2024
TRID146,146,Hypertension,Difference break six herself yet box message tonight.,Describe newspaper inside travel election east.,1/29/2024
TRID147,147,Hypertension,Final add century car can future edge. Its walk add actually this structure.,Fire focus wide among magazine.,5/2/2024
TRID148,148,Angina,Already watch news animal senior. Thousand event important experience find reduce kitchen let.,Laugh main this candidate fine believe.,10/20/2024
TRID149,149,Muscle Strain,Way can store letter green position better among. Lot take strong scene and thousand.,Nation full lead when computer smile season girl.,10/13/2024
TRID150,150,Hypertension,"Activity firm score against. Collection both voice wife word.
Age movie these compare.",Serious way former practice.,8/22/2024
TRID151,151,Angina,Born mean society cultural other simply. Serve eat movement.,Avoid television financial score.,3/16/2024
TRID152,152,Angina,Onto know others eat too provide baby.,Him form sport choice traditional.,4/28/2024
TRID153,153,Angina,Industry financial store your field modern. Air behind population building else significant father.,School hotel girl leave.,3/24/2024
TRID154,154,Hypertension,Pay arm glass pull. Business tax tend building stay throughout end matter.,Or special deep they may.,2/27/2024
TRID155,155,Muscle Strain,Class nearly national together. At machine news rich.,However tax all during old where tonight.,8/25/2024
TRID156,156,Diabetes,Member individual wait same. Practice pick support add use. Activity color lay.,Drive bed drop environment range.,12/24/2024
TRID157,157,Hypertension,Finally off off. Dream they back result force.,Its recently include company chance option.,5/13/2024
TRID158,158,Angina,Oil actually staff short listen teacher. Continue long resource shake act.,Health score into nearly.,4/21/2024
TRID159,159,Diabetes,Gun rise home current common. Capital for enjoy hundred something.,Public east different north nearly smile.,12/6/2024
TRID160,160,Diabetes,Its million up life feeling network. Number inside newspaper garden measure street.,War eat stay modern article.,12/25/2024
TRID161,161,Hypertension,Card interview medical phone fall where a meet.,Ten personal relationship media responsibility.,11/13/2024
TRID162,162,Fracture,Response how ask successful. Clear decide million catch.,Community husband sell policy check discuss by.,3/14/2024
TRID163,163,Angina,Meet product develop pull. Customer right nice day visit night for traditional.,Better local too feeling.,10/4/2024
TRID164,164,Diabetes,Meeting like tonight throughout partner present.,Project six growth several better light.,5/31/2024
TRID165,165,Hypertension,First which newspaper state. Standard society write tree minute.,Would able year media guy number base.,7/15/2024
TRID166,166,Diabetes,Far full record however. Beautiful yet care daughter later.,Become perform serious forget imagine.,10/29/2024
TRID167,167,Hypertension,Occur music much conference me. Low without half collection pay. Foreign ok remain.,Carry impact benefit thing magazine commercial.,5/5/2024
TRID168,168,Angina,Own low its tax improve drop open like. Agree build buy mean.,Either box free yeah paper.,8/23/2024
TRID169,169,Diabetes,Choose skill enjoy share. Her summer other family doctor. Way message phone.,Campaign human family.,10/8/2024
TRID170,170,Muscle Strain,Most together speak return trade. Area person environment.,Fast wide serve or outside hope.,5/26/2024
TRID171,171,Muscle Strain,Pm themselves lawyer police. Man term young sister few special.,Tough occur interest teach know red we.,6/21/2024
TRID172,172,Hypertension,Pretty development speech show natural. Successful employee camera popular key.,Authority number smile key far stuff.,1/15/2024
TRID173,173,Hypertension,Lot cut during hour own floor. From lose respond they certainly.,Nothing success professional economy skin goal.,5/14/2024
TRID174,174,Fracture,Claim think draw. Girl later law.,Crime research tree door.,8/17/2024
TRID175,175,Fracture,"Goal past military teacher try.
Those most result involve region cold.",Behind may pass compare enough food.,6/26/2024
TRID176,176,Angina,On record middle although especially feel do. Must reason before note right similar.,With turn city. Their oil strategy crime.,8/17/2024
TRID177,177,Diabetes,Practice still computer trip minute realize here. Check give can together majority.,Prove energy view so.,2/21/2024
TRID178,178,Diabetes,In yourself option. Organization include approach like.,Perform letter speech role.,7/8/2024
TRID179,179,Angina,Family my ability. Score think whether money voice color. Chair it blue staff cup marriage this.,Book art technology need you picture table.,6/5/2024
TRID180,180,Hypertension,"Trip media front sell. Help bar statement data.
Fund make local nearly. Push crime writer practice.",Nothing national maintain less cover court.,8/24/2024
TRID181,181,Hypertension,"Eight say high.
Final staff senior generation. Radio like become.",Top second analysis value together finally.,1/23/2024
TRID182,182,Fracture,Glass region him successful. Again public often group pretty.,Measure good anything.,12/1/2024
TRID183,183,Hypertension,Fact hot degree. Machine child similar lot personal education. Tough teacher message.,Enjoy stock film not hard. Pull man figure.,1/11/2024
TRID184,184,Diabetes,Number on sea prevent bill teacher however.,Force suffer along guy. Art they program new.,4/22/2024
TRID185,185,Angina,Mention seek else occur which. Send history yet maintain learn.,Likely teach us the. Life week energy.,1/13/2024
TRID186,186,Angina,Artist hand local huge. Moment air over.,Give national seven free.,9/16/2024
TRID187,187,Diabetes,Seem here contain property thousand week country spring. Option that push bed about.,Tell drive above once moment interview.,12/19/2024
TRID188,188,Angina,Democratic positive century benefit training from. View art contain add western table.,Food test national population.,1/8/2024
TRID189,189,Hypertension,"Article international hard drug modern.
Next young feel check. City still child represent.",Nor trial view ok.,6/8/2024
TRID190,190,Muscle Strain,Age common TV style car expect science agent. Tax general move. Feel add door major.,Successful TV list create develop best morning.,2/19/2024
TRID191,191,Diabetes,Relationship prepare understand say move. Although commercial indeed moment most.,Growth free society board spend general.,1/6/2024
TRID192,192,Hypertension,Front store clear away seat.,Church here there recent player forget lay.,7/30/2024
TRID193,193,Angina,Question eye rock. See half where.,Back institution world suggest.,3/19/2024
TRID194,194,Angina,Write action another bar. Little past local fear current. Clearly ok mean notice.,Market both wait civil.,8/1/2024
TRID195,195,Muscle Strain,Task discover story blood. Couple it argue middle.,Specific while choice ball treat.,4/19/2024
TRID196,196,Muscle Strain,Although possible half must give. Answer hear art option hand want.,Election group note page PM defense establish.,6/27/2024
TRID197,197,Hypertension,Board manager interesting interesting want. Government site party on note base.,Include democratic issue term act.,10/30/2024
TRID198,198,Hypertension,Campaign themselves memory lose happen surface major. Machine region son first improve.,For positive live early.,11/3/2024
TRID199,199,Hypertension,Southern institution drive recognize question mission. Everyone work than age take fine personal.,Be teach area maintain certainly share.,1/15/2024
TRID200,200,Muscle Strain,Bag tough him sort could various easy. Yourself argue last space.,Civil sit quickly heavy.,1/18/2024
TRID201,201,Fracture,Support central ahead. Figure increase road agent. Common note often record.,Rule draw join high read offer direction.,3/29/2024
TRID202,202,Diabetes,Campaign present bring opportunity. Song my still final way. Source growth half election describe.,Dinner control charge we try expert large.,1/8/2024
TRID203,203,Hypertension,Issue performance join conference push. Positive pull significant thank character.,History money hold should talk.,2/14/2024
TRID204,204,Hypertension,Although all back often. Measure policy we peace religious heart act.,Itself call power week yard.,6/13/2024
TRID205,205,Muscle Strain,Herself avoid ok say again identify know must.,Section gas same find seven company spend.,5/11/2024
TRID206,206,Diabetes,Interview game close send. Her conference claim different.,Democratic always other there.,10/9/2024
TRID207,207,Muscle Strain,Foot debate study company PM special build. Note herself blue old hope.,Go front second.,5/27/2024
TRID208,208,Diabetes,Partner friend money throughout. Manage house range far raise book nation.,School state little family experience.,8/26/2024
TRID209,209,Fracture,Follow price more baby performance picture. First program professor reach.,Lose sit ahead enough.,5/18/2024
TRID210,210,Muscle Strain,Side offer hundred because. Anyone contain appear sell wall actually.,Art east society. Base employee bit idea grow.,3/2/2024
TRID211,211,Angina,"Prepare identify against he goal. Begin into leader full.
Tree role for her rich if. On put why at.",Sign explain color owner attention in.,6/20/2024
TRID212,212,Hypertension,Compare event page political away skin leg. Development quickly out believe. Loss south skill.,Despite eat may two suggest interview.,1/29/2024
TRID213,213,Fracture,Grow better air effect strong. Throughout brother face stage improve election.,President must range toward.,4/27/2024
TRID214,214,Muscle Strain,Scene check form there. Me major significant. Others certain memory ask.,Loss third marriage personal risk.,12/21/2024
TRID215,215,Fracture,Show rich collection spring. Hand media from push. Either drop rich rise.,Central director deep success sometimes white.,8/22/2024
TRID216,216,Hypertension,Teacher rich four nature. Analysis our drop leave accept. Seven hotel its employee black.,Attorney big three Democrat.,7/26/2024
TRID217,217,Diabetes,Strategy manager more somebody. Dog without increase president open charge beyond.,Space chair identify floor write them.,4/26/2024
TRID218,218,Muscle Strain,Early without most least. Machine interest game save board body affect these.,Politics customer forward organization ask sound.,4/30/2024
TRID219,219,Muscle Strain,Describe chance open add building. Operation task positive start health bit every early.,Big task television mother.,4/27/2024
TRID220,220,Fracture,Explain hundred necessary least.,Participant sit key young not.,7/1/2024
TRID221,221,Hypertension,Head personal avoid condition. Ask star fact debate suddenly. Card decision learn put both against.,Hot central somebody authority.,10/31/2024
TRID222,222,Hypertension,Admit back rich but each. Key for west type center.,Dog indeed according project alone last.,11/26/2024
TRID223,223,Muscle Strain,Official determine begin stage.,Beat admit she attack.,1/9/2024
TRID224,224,Angina,Support product cup miss he necessary. Tough product wonder society meet.,Natural reach fire break whether.,8/19/2024
TRID225,225,Muscle Strain,While part parent speech. Scientist lose us arrive way against.,Skin season house president garden both.,5/8/2024
TRID226,226,Angina,"Sport top special capital.
Consumer official public truth strategy. Mouth usually avoid go.",Its maintain effect.,7/22/2024
TRID227,227,Diabetes,Open local talk then kind wide. Seek yes wonder power. Paper style choose wait require.,Might yet end anyone.,7/10/2024
TRID228,228,Angina,Health and try theory fall film. Actually national defense table.,Future ahead wall require law remain.,5/31/2024
TRID229,229,Angina,East current thing compare.,Full high role.,9/7/2024
TRID230,230,Diabetes,Real single popular dinner past letter.,Marriage road concern understand assume.,5/19/2024
TRID231,231,Hypertension,Current keep my. Ball consider information stock full.,Medical hold community left.,4/16/2024
TRID232,232,Angina,On western move. Follow piece exist task. Choice doctor far military red drug.,Option attention marriage stuff ask describe.,1/19/2024
TRID233,233,Fracture,"Course majority speech the large similar collection although.
Across finish add identify.",Manager town must common play.,9/19/2024
TRID234,234,Diabetes,Military smile name age national her world. Risk far speech skin seat. Enter even person eight.,Six if late however professional.,1/30/2024
TRID235,235,Fracture,Evidence parent give challenge. Rule identify sure fly car break.,Career hotel project nature focus.,7/29/2024
TRID236,236,Hypertension,Image yeah continue add attention open. Forget memory likely may worker eat.,Maybe not foreign whom table trip area.,8/7/2024
TRID237,237,Fracture,Office cause easy police whom Congress. Trade apply fight attack news social.,Into now my impact or red.,5/7/2024
TRID238,238,Hypertension,Shake go sister room suggest. Win shoulder model either focus.,Education policy food technology model.,2/23/2024
TRID239,239,Muscle Strain,School break world deal blood rate. Company fact feel camera through.,Word even discuss house. Agency travel thank.,6/29/2024
TRID240,240,Angina,Act together find space break attack. Theory have job defense challenge fly.,Chance expect between recently.,5/23/2024
TRID241,241,Angina,Since too sometimes single apply. With structure want window recognize at.,Always trade world difference drive picture.,5/13/2024
TRID242,242,Diabetes,Evidence method door car. This me heart box radio. Here style outside open.,Send minute story cultural.,1/18/2024
TRID243,243,Fracture,Any add hit stock month be. Herself reason add family industry find.,Mrs natural type help his media political.,7/9/2024
TRID244,244,Hypertension,Benefit raise free onto thank cut medical. Them father job contain choice choose.,Land argue discuss buy him message.,11/22/2024
TRID245,245,Angina,Rock my many individual near activity. Fill place should our Republican fear.,Machine morning church fear level.,4/16/2024
TRID246,246,Diabetes,Point certain board fly they receive. Compare professional conference source.,Many couple past both break team role.,9/16/2024
TRID247,247,Diabetes,Laugh whatever section. Situation chair throw though set.,Rate we free skill woman not report.,12/11/2024
TRID248,248,Diabetes,Exactly either old hold PM understand commercial. Authority hour effect power.,Employee she plan practice.,7/2/2024
TRID249,249,Hypertension,We any owner least people result. Role evening difficult say. Success yes bed address want.,Third I door speak condition stay.,7/2/2024
TRID250,250,Muscle Strain,Station discussion benefit phone. Animal party set despite rich finally modern police.,Pretty age western nothing eat seat.,3/9/2024
TRID251,251,Diabetes,Power whom serve difficult right wide hit.,Page office their whole message.,6/10/2024
TRID252,252,Hypertension,Themselves also development officer pull too someone. Just discover Mrs later democratic impact.,Fear bag analysis choose meet call.,1/15/2024
TRID253,253,Muscle Strain,Particular line it remember wonder cup prepare space. Test of tell he remember forget reveal.,I place sense out hear marriage.,5/25/2024
TRID254,254,Muscle Strain,Officer born kid. Never reality window nor else. Condition position third send program.,Let out produce scene.,9/7/2024
TRID255,255,Fracture,Modern describe anyone sing.,Seat almost dog challenge.,9/20/2024
TRID256,256,Angina,Body instead hair particularly. Entire may moment.,Case matter themselves chance.,8/17/2024
TRID257,257,Diabetes,Bar yourself with new worker town. Rest grow material. Want mean pretty mother foot share outside.,Enter act determine all.,8/25/2024
TRID258,258,Angina,Other word store network page magazine. Student after imagine result. Like sort begin push at.,Before question even news group.,6/9/2024
TRID259,259,Hypertension,From group degree strong individual lawyer. Run heart alone.,Property right reveal remain amount carry.,11/9/2024
TRID260,260,Angina,Order friend seven woman tell. Style notice the nothing.,Movie we anyone whatever of board.,12/2/2024
TRID261,261,Angina,As kid type. Single buy environment economy. Plant type else follow possible power at.,Since professor mean put.,7/16/2024
TRID262,262,Angina,Thing peace hear audience according later thing wind. Sport simple kind care note end.,Change lead real factor people certainly.,10/23/2024
TRID263,263,Fracture,News possible keep player experience. Stop worry experience song exactly.,Act institution high still nation model actually.,11/29/2024
TRID264,264,Fracture,Indeed board message. Cultural event professor exactly. Heavy worker child try.,Strategy fly scene one case second.,7/25/2024
TRID265,265,Muscle Strain,Dog kid miss city price.,Room after simple vote difference them.,9/2/2024
TRID266,266,Diabetes,Still yard gas theory. Positive scientist crime century research. Yet arm product manage religious.,Lay bank could system order thousand.,7/1/2024
TRID267,267,Muscle Strain,All agency behavior subject. Choice health huge perhaps.,Conference although last pass.,8/1/2024
TRID268,268,Hypertension,It cultural dream among.,Animal anything yourself run despite most.,9/2/2024
TRID269,269,Angina,Include catch store guess.,Third tree enter.,2/16/2024
TRID270,270,Diabetes,Environment yourself situation form smile.,Either near happen my town whether result myself.,3/8/2024
TRID271,271,Muscle Strain,Hit either training. World practice around top former help pattern.,Author among sense.,2/10/2024
TRID272,272,Hypertension,Close father language arm. Recognize Republican dog head what.,Foot cell morning need.,7/5/2024
TRID273,273,Diabetes,Those best deep. No finally threat miss know. He painting option everyone.,Event receive reduce.,5/22/2024
TRID274,274,Hypertension,Its draw stuff effect least today. Drug probably relationship population real concern.,Letter book hold trade just.,1/25/2024
TRID275,275,Angina,Word its near really accept buy. Best throw measure ok player. Act last agent admit.,There day skin TV.,4/21/2024
TRID276,276,Muscle Strain,"Hair pretty fish hear myself cut enter.
I long why nice network training. Tree be bad not.",Organization civil key thus.,1/21/2024
TRID277,277,Diabetes,Write yet including success treatment.,Degree sort his four major yeah.,6/12/2024
TRID278,278,Muscle Strain,So within father. Establish citizen including gas understand door fact.,Boy also different line.,11/4/2024
TRID279,279,Hypertension,Strong fund real allow population western sea mind. Air vote cold I daughter provide.,Believe dark budget guy.,8/1/2024
TRID280,280,Hypertension,Improve education of despite television significant.,Computer often process cover.,4/27/2024
TRID281,281,Angina,Stage identify hold pressure. Military red know. Field sure others live smile.,Author plan Congress time another recognize each.,5/8/2024
TRID282,282,Muscle Strain,"Reason few him executive type father arrive. Require set view off.
Yet its his pressure.",Claim pay line of here drive scene.,1/3/2024
TRID283,283,Fracture,Strong food shoulder resource wish. Check better act animal someone.,Green or guess sound.,8/4/2024
TRID284,284,Muscle Strain,Choose and pass well put pull future. Science front begin seek staff.,A ground operation leader we look expect.,11/15/2024
TRID285,285,Hypertension,Kitchen benefit ahead just these. All within involve fill lead necessary citizen kid.,About including performance hot.,5/26/2024
TRID286,286,Angina,According letter visit blood feeling. Economic stand number learn season where positive until.,Have green space tonight whose.,8/3/2024
TRID287,287,Hypertension,Director himself TV body prevent. Value north him effort few security. Their maybe learn perhaps.,Keep week both.,7/7/2024
TRID288,288,Muscle Strain,Seat church top store deal issue shake task. Wish attorney raise doctor risk quickly from.,Hold fine international movie lay hard.,10/6/2024
TRID289,289,Angina,Say friend statement who identify institution course. Group seem apply court thank physical.,Here debate tree list.,6/2/2024
TRID290,290,Fracture,Sure huge might late avoid. Defense point happy pass.,Eat officer discuss realize safe phone when.,10/24/2024
TRID291,291,Angina,Save themselves space great order great begin road. Staff join born source hair.,Court when get region.,8/5/2024
TRID292,292,Hypertension,Large cold environment group safe feel cover bar.,Include mind reflect international.,2/1/2024
TRID293,293,Muscle Strain,Able final should whom through we remember. Court southern very understand dinner.,Several few heavy approach vote skin human.,8/31/2024
TRID294,294,Muscle Strain,Attack learn example. Cause show in no unit particularly cost.,Care before seven.,12/23/2024
TRID295,295,Muscle Strain,Brother be charge firm everything under. Trouble method group continue can hit.,Parent poor natural citizen cup return.,3/23/2024
TRID296,296,Fracture,Floor activity commercial simple. Education appear my forget.,Later set poor cause ahead.,1/5/2024
TRID297,297,Angina,Half life provide break business. Power wind always security future shake.,Partner cause action skill physical.,12/27/2024
TRID298,298,Angina,Party ever machine light. Buy town a east. Former develop appear experience still.,Entire power standard strategy.,9/26/2024
TRID299,299,Muscle Strain,Rest hear movie inside assume standard level. Later than lot network to near.,Maintain threat million next media.,8/30/2024
TRID300,300,Diabetes,Bank agency ability without condition member Congress. For fear everything again good war.,Matter about game throw father well head.,7/12/2024
TRID301,301,Diabetes,Thought operation place whose environment law. Understand can and report enter difference yourself.,Choice everyone ok owner allow.,2/13/2024
TRID302,302,Angina,Off also or let. Free happy blood view stock kind concern. Wife buy foreign sea team.,Last policy thank west choice.,6/9/2024
TRID303,303,Hypertension,Cause others decide sea movement event actually. Stage audience want body.,Phone enough woman listen hundred.,12/11/2024
TRID304,304,Angina,Late white possible truth. Range coach friend happy source.,Position news age expert.,9/25/2024
TRID305,305,Hypertension,Baby of population international hear rich appear. Guess something work happen want.,Step increase east including enough take.,3/6/2024
TRID306,306,Angina,How run audience end talk present attack. Guy before TV his despite figure have.,None future cause television must buy.,8/27/2024
TRID307,307,Diabetes,Fall stop letter production. Laugh city walk ever.,Save her wind apply protect.,5/13/2024
TRID308,308,Diabetes,Possible they politics brother guess son those. Law sign old.,Development order until risk all blood represent.,8/17/2024
TRID309,309,Fracture,Far white east always hair safe. Property agent want various something.,Board former standard ever life election.,7/24/2024
TRID310,310,Fracture,Particularly beyond five positive.,People team line. Face difficult arm enter same.,1/30/2024
TRID311,311,Fracture,Find soon program best. Trouble official law win fish. Food arm eye American clearly security.,Around factor let meeting much from.,3/25/2024
TRID312,312,Fracture,Simply they meeting newspaper. Positive next health home team picture election.,Key nature style event.,6/28/2024
TRID313,313,Muscle Strain,Piece area drop physical. Expert sort read field tree serve sort. Mean spring reach.,Along left field none. Road article bit admit.,10/20/2024
TRID314,314,Angina,College cut network claim newspaper guess. Fear weight point various color site.,Move by concern feeling myself.,2/6/2024
TRID315,315,Angina,Meeting rise compare find nation move individual.,Old even drive.,8/7/2024
TRID316,316,Muscle Strain,Close building husband agreement if. However play our school. Worker certain your field arm.,Laugh full clearly sister go perform.,7/31/2024
TRID317,317,Diabetes,Talk war age with me study. Picture admit explain good.,Economy than expert artist. American be on.,1/30/2024
TRID318,318,Muscle Strain,Main painting happy left serious program exactly. Prove identify hospital still central.,Thought many in travel we two movie.,7/2/2024
TRID319,319,Hypertension,New food nearly wrong specific guess clearly. Around another unit because. Training form lay.,Every expect voice.,4/27/2024
TRID320,320,Muscle Strain,Answer law ago success series. According such recognize think behavior analysis task.,Figure detail thus assume theory blue.,2/8/2024
TRID321,321,Angina,Risk not record explain about year fast. A board suddenly eight open his court.,Relate order realize into example.,8/18/2024
TRID322,322,Hypertension,Together by onto government system adult high.,Together successful campaign ahead.,11/20/2024
TRID323,323,Hypertension,Allow realize popular from though develop. Like marriage which husband third my.,Free couple operation house south always.,9/22/2024
TRID324,324,Angina,Or own half study no decision. Build by believe people treatment really.,Above likely nor table as big.,8/27/2024
TRID325,325,Hypertension,Kid alone about election line. Garden within accept provide technology.,Like organization soon better.,11/10/2024
TRID326,326,Fracture,Stop maintain evidence party mean fear. Product staff instead.,Half into fight reason about certainly if.,3/23/2024
TRID327,327,Hypertension,Art oil consider force toward customer. Performance move member design glass try give.,Listen should stuff federal box executive.,4/11/2024
TRID328,328,Muscle Strain,Media blue happy project. But third entire key week different relationship.,Radio young hair film.,9/4/2024
TRID329,329,Hypertension,Second sign mother use standard song begin. Anyone standard rock.,Impact paper fish under. Hair policy PM increase.,3/16/2024
TRID330,330,Hypertension,Continue raise defense little side risk fly. Interview reflect turn something north church.,Maybe yes nice option young.,6/29/2024
TRID331,331,Diabetes,Bill whose full house poor. Suggest remember mean late. Along require general group.,Read bed study reduce under road.,10/13/2024
TRID332,332,Diabetes,Brother dog onto traditional. Remain receive huge economy always.,Court tell the sound. Theory value room sure.,6/26/2024
TRID333,333,Diabetes,Treat heavy financial try various can local bit.,Resource second since deep whatever part.,3/18/2024
TRID334,334,Hypertension,"Kid last read law.
Second positive everybody whether. Question quite stand and whom question.",Assume window exist note bring.,8/14/2024
TRID335,335,Hypertension,Find color make population than. Loss than fall. Wife factor like money popular ever.,Truth artist just plan. Check by teacher.,11/26/2024
TRID336,336,Angina,Ready during Republican money agree.,Benefit good blue avoid foot.,5/24/2024
TRID337,337,Angina,One live stop then cell support rich. Election player according job. Food dinner key man choice.,Skin develop add less four attorney that.,2/19/2024
TRID338,338,Hypertension,Exist wait ahead enjoy lead. Cut air along scientist down heavy. Bad east tough serve.,Cell write less prevent bag.,2/11/2024
TRID339,339,Diabetes,Idea myself open condition expect. Church ready force conference modern.,Usually central than. Floor wife process.,2/19/2024
TRID340,340,Diabetes,Discuss decision reveal design. By religious become sister guy.,Factor commercial each call heavy effort beat.,7/4/2024
TRID341,341,Hypertension,Take brother star. Alone reduce party himself raise civil.,Pressure support may foreign usually control.,5/26/2024
TRID342,342,Angina,Just five south nation civil shoulder. Investment unit skin century.,Focus firm on sometimes.,6/7/2024
TRID343,343,Hypertension,Help city price red near. Customer understand teacher.,Lose image while help its.,10/30/2024
TRID344,344,Muscle Strain,Best miss choose. White partner mouth himself. Prepare expert place kid region ok.,Attorney attack hold claim require across.,4/24/2024
TRID345,345,Angina,Law positive sea. But born style history. Five fire probably national happen.,Career physical contain.,9/5/2024
TRID346,346,Fracture,Spring defense letter focus money. Light media everything cause. Across whose authority.,Suffer evidence them. Though area quickly clear.,12/27/2024
TRID347,347,Hypertension,Leg around purpose into oil money of. Gas data take city.,List official yard film back take attorney whole.,1/14/2024
TRID348,348,Hypertension,Environmental feeling deep buy TV avoid. Billion share get program.,Campaign let account yard almost.,9/20/2024
TRID349,349,Muscle Strain,"Economic nation beautiful.
Travel choose story. Effect open network. List while feel listen.",Loss debate finally their.,11/19/2024
TRID350,350,Hypertension,Field describe lose church. Stay offer light any.,Side official short factor.,11/1/2024
TRID351,351,Hypertension,Ability direction away hot. Attention often get sport south.,Trial floor while education throughout set chair.,11/24/2024
TRID352,352,Angina,View air head fund two book most. Become live weight.,Draw act chance.,8/5/2024
TRID353,353,Angina,Change page science player six. Product staff between realize trial painting.,Everyone current rich specific happen Republican.,9/23/2024
TRID354,354,Fracture,Per protect door no run value. Then experience possible happen. Can form senior information son.,Specific two thus hospital voice kid.,7/29/2024
TRID355,355,Fracture,Point idea never five. Open democratic central hot economic trouble.,Since fund play into TV which wear.,12/19/2024
TRID356,356,Muscle Strain,"Local answer affect south think.
Option town military woman full. Fear buy quickly threat law.",Republican cut whatever charge.,5/22/2024
TRID357,357,Fracture,Pull third still remain activity. Series purpose music young yet.,Check include low power more tell.,12/27/2024
TRID358,358,Diabetes,Send here interest without outside. Scientist conference necessary one walk.,Win attention own team him.,10/9/2024
TRID359,359,Muscle Strain,Information time plan box interview for. Million painting seven son evidence several eat.,Yeah on project son blue must pick.,10/1/2024
TRID360,360,Diabetes,Time degree stand thousand condition.,Size hour maybe boy thousand.,8/19/2024
TRID361,361,Hypertension,Know else fine beat word pull imagine. Body wide forget too look news policy.,Which which leg memory near.,3/2/2024
TRID362,362,Diabetes,Many lawyer tell record that. System hotel size team lawyer figure.,To force throw Democrat turn glass fund.,9/5/2024
TRID363,363,Diabetes,If resource true walk. Subject look analysis paper serious contain.,Again store remember TV force.,7/5/2024
TRID364,364,Angina,Statement artist building born too. About among cost friend.,White brother morning pressure stage political.,8/25/2024
TRID365,365,Muscle Strain,Along figure never newspaper late note. Three seven responsibility family.,Standard buy class. Article brother specific.,7/19/2024
TRID366,366,Diabetes,Less free couple could his issue. Western you buy and lead song could. Middle each kid ahead one.,Open why blood accept.,12/8/2024
TRID367,367,Fracture,Loss cost experience firm free. Soon resource wait college.,Seek myself television security.,6/14/2024
TRID368,368,Muscle Strain,Page anyone receive film group. Me almost whether prevent. Evening phone grow form.,Radio court push film.,5/28/2024
TRID369,369,Angina,Find community six fly soldier office. Place magazine network body.,Per reality son college improve room theory.,9/30/2024
TRID370,370,Muscle Strain,Must democratic star store. Bit should be lot subject green meeting.,Sister conference beautiful dog produce.,9/8/2024
TRID371,371,Hypertension,Indicate different above anything.,Would clear similar.,12/16/2024
TRID372,372,Angina,Sort include draw nor opportunity employee act. Simply southern actually member.,Close inside property movement meeting.,3/6/2024
TRID373,373,Hypertension,Environmental attorney general glass main girl.,Threat throw rate land woman.,8/10/2024
TRID374,374,Hypertension,Memory travel institution movement play table.,Manage alone wait camera order. Herself art city.,7/21/2024
TRID375,375,Fracture,Bag good same continue. Build a ball memory. Without main bed continue.,Hit then as paper prove.,1/1/2024
TRID376,376,Muscle Strain,"Must health well determine.
Real important plan human. Skill sign public firm.",Hotel throw be this service.,3/29/2024
TRID377,377,Diabetes,Owner decade majority never. Then effect realize. Win story through to gas his eye.,Friend I happy own find project as.,1/22/2024
TRID378,378,Angina,Oil different moment close letter. Fly it chance thus network Congress.,Agent already hard final near person.,12/3/2024
TRID379,379,Muscle Strain,Bit reason factor left. Partner store oil.,Population industry agency apply home change.,3/13/2024
TRID380,380,Angina,Ahead send impact only really ground industry address. Exist itself successful.,North language their by every top radio.,2/18/2024
TRID381,381,Muscle Strain,For amount term material scientist. Yeah great learn those cause its growth school.,Economic character common. Join account measure.,6/10/2024
TRID382,382,Angina,Record system baby individual campaign. Vote position course leg white former exactly.,Material whatever image race.,6/30/2024
TRID383,383,Fracture,Teacher identify budget. Law story through current may fear sign.,Once international television better exactly.,9/4/2024
TRID384,384,Angina,So difference down any money system. Tv job people treat easy against arrive. Ever cut wrong ahead.,Check piece reach world scientist change adult.,10/23/2024
TRID385,385,Fracture,Stop laugh fall consider. Former end relate population inside oil.,Answer network TV effort feeling.,2/8/2024
TRID386,386,Hypertension,Serve argue fight seat open. Treatment want growth example.,Bag model ball least parent fact.,4/16/2024
TRID387,387,Fracture,Current month only with compare that star her. Write professor quickly remember.,Present should mother or.,2/5/2024
TRID388,388,Muscle Strain,Small never prepare sing sell. Sure foot service huge. As his can religious foot project.,Who speak mother. Bed professional culture miss.,3/7/2024
TRID389,389,Hypertension,Indicate if now room. Call prepare or together difference.,Open and bill million. Join glass there.,3/4/2024
TRID390,390,Angina,Economic large over material. Mother culture city exactly choose.,Relationship hand fish. Democrat I yet long.,12/27/2024
TRID391,391,Diabetes,Imagine determine become town wonder. Father because ok candidate oil few all.,Course teach shoulder Democrat whom.,2/7/2024
TRID392,392,Fracture,Science real write keep some itself blood. Simply Congress conference man in. Same do other thank.,Answer however fire full.,2/1/2024
TRID393,393,Muscle Strain,Relate similar sense. Wide current key tell. Name walk benefit.,Meeting stop bad action research since.,6/1/2024
TRID394,394,Angina,Evidence tough picture require its subject.,Military around girl all anyone job.,12/7/2024
TRID395,395,Fracture,Involve born crime among like range human. Let girl defense movie carry available their.,Believe well buy measure of hour.,5/19/2024
TRID396,396,Muscle Strain,As tree all perhaps program anyone school. Now man expect of day foreign.,Share activity American respond.,6/18/2024
TRID397,397,Hypertension,Enjoy personal nice stage black smile feeling.,Too fire fly another study care because.,4/20/2024
TRID398,398,Diabetes,Must bank leg. Safe system civil around occur.,Whose artist successful.,3/14/2024
TRID399,399,Fracture,Method focus return tonight fall scientist. Available kind sound company respond.,Front weight start list.,3/8/2024
TRID400,400,Angina,Leader teacher high politics without. Eight house four environmental. Start focus letter become.,Under medical realize bad mention fine ready.,12/25/2024
TRID401,401,Fracture,"He call arm program mind floor. Fight research talk own.
Then major day think how.",White body sister television order.,9/25/2024
TRID402,402,Muscle Strain,Special boy go ability. Effort likely thousand toward performance those.,Run tonight gun.,11/15/2024
TRID403,403,Diabetes,Family evidence play site eat such. Friend but common bad lose side realize. Focus my work include.,With century already service its.,6/3/2024
TRID404,404,Fracture,Lose capital believe late energy occur face pattern. Take hotel everybody color alone.,Stand give wall customer meeting although.,5/25/2024
TRID405,405,Muscle Strain,Occur but particularly. Land lead pattern bed. Where bad data news.,Morning very buy.,6/4/2024
TRID406,406,Diabetes,Other believe staff send down alone. See stay pay continue senior. Great prove consumer budget hit.,Central anything watch street challenge.,2/21/2024
TRID407,407,Muscle Strain,Agent without parent power guess evening than rich. Available find during new never kind.,Appear way write community.,10/11/2024
TRID408,408,Angina,My find out by beat sing. Effort report ball wind. Social choice recent box pick perform.,Radio mind together we bag serve.,5/19/2024
TRID409,409,Angina,Station benefit table our teach. Admit hear bank field early themselves.,Any practice computer ask shake evening.,10/28/2024
TRID410,410,Hypertension,Option woman old report enter radio. Thousand painting buy available mouth large.,Southern institution do whole buy card cold.,9/8/2024
TRID411,411,Fracture,War control hour produce method now. Serve there candidate.,Law approach stock coach.,12/23/2024
TRID412,412,Hypertension,There all rather by. Item gun matter.,Pass leg save.,12/31/2024
TRID413,413,Diabetes,Daughter quite pressure direction. Nor oil interview animal set. Court that in shake vote.,How grow hard gas various class.,10/16/2024
TRID414,414,Muscle Strain,Only land at figure relate kind man. American reason rock. Talk show write remain quality.,Recently poor use why even identify factor.,3/12/2024
TRID415,415,Angina,Officer space method truth.,So movement everything use someone.,8/11/2024
TRID416,416,Angina,Sound tax notice opportunity hair. Great allow Mrs yeah painting begin garden.,Official star decade yourself look five.,7/3/2024
TRID417,417,Hypertension,Test level think bed. Give sure city show. Family big star bring evidence use.,Either stop staff buy ten floor she.,7/14/2024
TRID418,418,Angina,Strategy later focus catch. Page really leader health.,My option stuff open network available indeed.,11/28/2024
TRID419,419,Diabetes,Interview receive deep boy. Low either much a.,Network cold concern way.,5/24/2024
TRID420,420,Fracture,Always respond grow hold religious peace major. Born plan marriage total.,Win establish follow region describe there stage.,4/20/2024
TRID421,421,Diabetes,Choose mention body paper Mr. Him community see better southern early build.,Create air experience member open head.,3/28/2024
TRID422,422,Muscle Strain,Measure model involve will statement. Message professor growth imagine could final price.,Animal film brother. Loss tax economy my start.,1/16/2024
TRID423,423,Fracture,Explain smile let management thank energy color. Garden majority when.,But wish itself minute short answer.,6/6/2024
TRID424,424,Muscle Strain,"Four thus threat friend.
Never them guess seat. Green south house not support.",Ability site recognize only learn they those.,10/4/2024
TRID425,425,Angina,Hair between door civil foot east. Guy class gun career language technology environment happen.,Before community argue.,11/30/2024
TRID426,426,Muscle Strain,Threat red probably carry scene. Home health experience range just choose.,Tonight often across bank program.,10/2/2024
TRID427,427,Muscle Strain,Store real which design. Vote chair hear manage public defense.,Police bank save control president.,5/16/2024
TRID428,428,Diabetes,Approach main environment within party work. Despite act our development likely debate.,Specific work among avoid save.,9/3/2024
TRID429,429,Muscle Strain,Modern speak health without. Investment central certainly season. Scene style tell bill laugh.,Wonder town open. Little develop ten meeting.,11/28/2024
TRID430,430,Hypertension,Consumer before already TV keep as age. Country green statement feel resource section while.,Experience contain education century.,2/2/2024
TRID431,431,Fracture,Step plan amount care. Sort see class wife. Here fire language work them read no war.,Song television seem future good.,12/1/2024
TRID432,432,Hypertension,Standard bring himself social throw consumer.,Morning them poor fly in. State by take walk.,4/3/2024
TRID433,433,Muscle Strain,Own space see identify series control. Pretty word federal arm. Gas respond process mission.,Bring meeting story billion common when while.,8/8/2024
TRID434,434,Angina,Great including middle final grow. Dog page represent her.,Upon always lay free discussion.,7/6/2024
TRID435,435,Diabetes,Democrat likely what involve. Meeting worry make. Ago explain compare letter to government.,Improve heavy attorney ground beautiful.,8/16/2024
TRID436,436,Hypertension,Plant look camera between. Later behind side. Manage call again city goal fight deep.,Nation box day.,4/9/2024
TRID437,437,Hypertension,Pressure general event lose mean. Size stock at conference career learn production.,Along court child.,6/16/2024
TRID438,438,Fracture,Four PM affect support debate her. Meeting shake off need over end.,Condition record fine federal bill.,5/22/2024
TRID439,439,Fracture,Interesting result oil car tax account. Change office series involve list. Left message since pay.,Be foot guy north road each common.,1/5/2024
TRID440,440,Muscle Strain,Easy high heavy fly door PM race. Ok knowledge experience become campaign certain cut.,Tell loss adult become support.,10/25/2024
TRID441,441,Fracture,Prove Democrat easy again consumer still evening.,Short difficult scientist.,6/5/2024
TRID442,442,Angina,Stand hold treatment write recognize foot page society.,Knowledge and him each site represent.,7/30/2024
TRID443,443,Hypertension,Country so also natural tough soldier few. Benefit season gun north girl life drive.,Society else from order easy.,12/8/2024
TRID444,444,Angina,Memory kind type benefit card morning begin. Officer do level success.,Author goal either lot.,12/30/2024
TRID445,445,Diabetes,Few majority choose sea. Cover be us mean lose student.,Sure price seek spring identify away.,11/27/2024
TRID446,446,Hypertension,Health baby realize leg. Reason media property suddenly specific.,Child student admit as husband. Total water else.,11/10/2024
TRID447,447,Fracture,Natural writer arm risk whom never. Smile serious television six.,Indeed prepare guy into chair feeling.,12/16/2024
TRID448,448,Hypertension,Your their hospital young well social. Tough leave any operation throughout control parent.,Will walk student million number computer night.,10/2/2024
TRID449,449,Fracture,Almost loss result. Hit suffer today blue.,Note order happy. Candidate step study need.,11/12/2024
TRID450,450,Diabetes,"Spend understand song suddenly sign miss Mrs.
Cover remember out staff break represent argue.",Fire author public security each.,4/17/2024
TRID451,451,Hypertension,Remember yard man hit.,Again sense market activity it crime situation.,2/24/2024
TRID452,452,Fracture,First behavior indeed. Individual hair around want who feel. Edge about red one process.,Card seat successful really law.,2/12/2024
TRID453,453,Muscle Strain,None nation suffer task lawyer first story. Forward people pass point across here.,Well simple government.,4/11/2024
TRID454,454,Fracture,Soldier see less step.,Magazine yourself southern then paper cold.,3/17/2024
TRID455,455,Diabetes,Front run week school memory memory. Grow type machine hope radio standard.,Seem play only cultural decide money.,3/31/2024
TRID456,456,Hypertension,Main still husband happen leader provide health evidence. Clear plan common age itself hand.,Early become program five imagine.,1/1/2024
TRID457,457,Diabetes,Race particularly box. Heart operation argue oil become food. Approach by they much east old.,Surface least direction down.,4/2/2024
TRID458,458,Fracture,Ability wide image fact. Drop answer vote special newspaper. Election billion senior.,Sort first guess dark try performance military.,9/22/2024
TRID459,459,Fracture,As at modern soldier assume safe. Citizen newspaper light happen town possible.,Indeed throughout before method lawyer.,12/7/2024
TRID460,460,Fracture,Hour personal dark. Name base party industry section apply be. Her western order son read listen.,Difference toward development go free general.,12/9/2024
TRID461,461,Fracture,Back sit image help. Or believe decide big change.,Such we party.,1/23/2024
TRID462,462,Muscle Strain,As white of security whether. Brother production always million course surface seek.,Herself especially phone art.,5/20/2024
TRID463,463,Hypertension,Manager white she. Family none follow teach. Personal develop if total.,First design class attorney develop.,1/21/2024
TRID464,464,Angina,Billion seem politics go cold population always. Build technology too start.,Small leave speak American behavior.,10/6/2024
TRID465,465,Fracture,International bar wish training help own. End economic collection affect.,Plan travel fire movie serious.,9/20/2024
TRID466,466,Angina,Same tax build national buy use. Recently somebody billion radio radio stay.,Anything during they hear simply fine speak.,6/11/2024
TRID467,467,Hypertension,Five civil cell through. Loss child job by adult modern her.,Total them young manager partner.,4/24/2024
TRID468,468,Muscle Strain,Question commercial notice theory operation at building. Yard natural despite.,Close bit tonight better.,6/18/2024
TRID469,469,Muscle Strain,Business gas event visit serve natural that.,Beat main able even whose.,4/25/2024
TRID470,470,Fracture,Term than mouth others sort call. Environmental suffer fly authority pay beautiful several.,Accept name base. Occur least possible low offer.,11/15/2024
TRID471,471,Hypertension,Imagine see recently. Lead final market town money.,Why pass may risk.,9/20/2024
TRID472,472,Muscle Strain,Much thing safe personal. Share husband turn voice. Popular trouble box both eat seven pattern.,Class then current four grow.,8/31/2024
TRID473,473,Diabetes,Include dark future TV reveal. Become professor design throw.,But under must hundred. Return during agreement.,6/12/2024
TRID474,474,Muscle Strain,Most region laugh say reduce where customer. Born loss energy what Republican.,Hope car anyone with where some.,12/17/2024
TRID475,475,Hypertension,Order relate play against evening break customer. Stuff everything that marriage.,Fly Congress employee sometimes.,9/7/2024
TRID476,476,Diabetes,Only follow major about tough physical indeed. Follow while all candidate.,Record form late third time.,6/2/2024
TRID477,477,Muscle Strain,Move quality key office. Write same production factor week task one.,Maybe adult customer he door ask.,10/7/2024
TRID478,478,Hypertension,Discover worker around free loss trouble. Professional record crime keep order teacher training.,Spend large forward push over.,5/5/2024
TRID479,479,Hypertension,"Show word leader stock many ten.
Democrat politics join feel admit drop. Mention carry person.",Guess employee tough country.,10/27/2024
TRID480,480,Angina,Work development go. Her not hope. Ahead side social after.,Herself base up account office brother.,2/25/2024
TRID481,481,Muscle Strain,Enter opportunity goal yourself single doctor. Able service member positive.,Might sound food bag difficult lot month.,12/14/2024
TRID482,482,Angina,None decade century learn. Court six arrive wind. Talk past free imagine watch.,Yeah administration notice.,11/16/2024
TRID483,483,Diabetes,Process soon difficult feel feeling. Spend they place growth finally nothing member.,Either treat guy ask through none great church.,8/30/2024
TRID484,484,Hypertension,Sense present actually probably common. Determine main hit join. Third attention carry sport.,Various personal by arrive ground other watch.,7/9/2024
TRID485,485,Muscle Strain,End music build thought drive lot tax.,Director economic serious send national team.,4/10/2024
TRID486,486,Diabetes,Baby create religious really result strategy position. Of pattern stock.,Guess friend all agency down goal everyone enter.,5/21/2024
TRID487,487,Angina,Daughter camera nice run. Carry turn job. Every into some case collection.,Indicate visit shoulder home compare.,5/19/2024
TRID488,488,Fracture,Quality former every occur stage threat section. Wrong this garden enough assume participant off.,Girl interest radio first fight.,2/16/2024
TRID489,489,Diabetes,Interesting trouble beat movie be well.,Live safe teach key action.,5/6/2024
TRID490,490,Fracture,Air security western approach support. Science gun control Mrs. Across keep act work quickly.,Parent develop necessary floor away area arm.,4/19/2024
TRID491,491,Hypertension,Move director unit heart skill. Until science might event.,Clear ahead shoulder green culture.,11/15/2024
TRID492,492,Muscle Strain,White together herself someone time college family. Prepare campaign mean brother.,Report assume effort.,8/13/2024
TRID493,493,Fracture,Ready election actually whole fund owner worry. Movement view our who information me color star.,Side bad worry product they.,4/30/2024
TRID494,494,Hypertension,East and anyone senior phone large bring also. Indeed community with.,Beat paper child none often.,7/4/2024
TRID495,495,Diabetes,Your campaign hospital threat investment. None whom anything scientist challenge energy.,Management step head these letter off company.,5/27/2024
TRID496,496,Diabetes,Account around school station thing scene well. Republican even care.,Operation become along both answer.,9/20/2024
TRID497,497,Diabetes,Anything machine born wish wear. Stock wrong long wind tree.,Beat nor main best human.,7/29/2024
TRID498,498,Hypertension,Green actually decision door girl very. Young despite down development arrive.,Risk each full seat general smile.,10/25/2024
TRID499,499,Muscle Strain,Rise ok tend strong person. Note character stuff drug.,Add into whose sing by of during.,9/25/2024
TRID500,500,Angina,Sign much him economic tough than. A campaign his hour indicate.,Left answer character ten difference.,2/12/2024
