OrderID,Customerid,ProductID,ORDERDATE,QuantityOrdered,Price
OD1,91Aus,IN33AlwWEB,1/4/2024,218,729.42
OD2,87Sco,IN34OthMtr,3/13/2024,3,823.03
OD3,66Mar,IN452KeeGraph,6/7/2024,34,908
OD4,54Sus,IN678UnRotr,7/12/2024,379,515.38
OD5,75Pam,IN453Meedriv,3/2/2024,39,257.6
OD6,47Mr.,IN34SenMtr,3/7/2024,412,332.79
OD7,65And,IN678CaRotr,2/18/2024,121,255.93
OD8,65Oli,IN34GovMtr,5/29/2024,165,976.86
OD9,58Dav,IN98NeaADA,7/29/2024,216,206.83
OD10,62Kel,IN678EvRotr,6/26/2024,141,287.62
OD11,62Bar,IN34ThiMtr,1/22/2024,290,274.1
OD12,39Pat,IN34HeaMtr,8/26/2024,356,604.53
OD13,95Kri,IN98FasADA,2/5/2024,143,297.54
OD14,27Bri,IN34SucMtr,2/19/2024,85,362.85
OD15,64Ste,IN45Clsply,5/13/2024,450,452.65
OD16,99Kri,IN378ReaMDM,3/13/2024,167,757.83
OD17,62Dan,IN33ParSCNR,3/22/2024,119,406.86
OD18,99Bet,IN12FacMou,2/15/2024,476,337.95
OD19,29Sha,IN45MePntr,1/7/2024,365,70.5
OD20,99Ken,IN44PuMtrbrd,5/3/2024,270,509.51
OD21,38Lee,IN55FulGpu,5/15/2024,306,694.84
OD22,92Kar,IN68ManPROCESR,4/2/2024,415,616.02
OD23,60Bre,IN12AnyMou,4/5/2024,331,171.24
OD24,28Tin,IN678RaRotr,5/25/2024,238,675.19
OD25,93Ale,IN378EcoMDM,1/24/2024,142,167.75
OD26,62Mic,IN56TuSSD,1/21/2024,340,862.7
OD27,23Jon,IN33AllWEB,4/22/2024,193,584.51
OD28,91Aus,IN453Hotdriv,8/24/2024,195,149.68
OD29,77Tim,IN452AssGraph,6/14/2024,260,163.99
OD30,87Sco,IN32Ap-Key,5/6/2024,441,334.26
OD31,69And,IN56StSSD,4/24/2024,173,970.21
OD32,35Jes,IN56AdSSD,3/25/2024,469,155.83
OD33,66Mar,IN32We-Key,1/2/2024,19,852.7
OD34,88Jer,IN68IndPROCESR,3/30/2024,144,125.23
OD35,97Jen,IN33SucWEB,10/11/2024,425,80.13
OD36,87Aar,IN34BilMtr,8/24/2024,439,221.15
OD37,50Kev,IN55CenGpu,4/26/2024,96,939.28
OD38,80Ter,IN45Lesply,4/22/2024,444,882.93
OD39,36Kay,IN10ReCPU,9/22/2024,286,352.34
OD40,54Sus,IN345GirRAM,4/29/2024,340,949.64
OD41,75Pam,IN32St-Key,7/22/2024,87,671.39
OD42,47Mr.,IN45Stsply,7/25/2024,360,558.55
OD43,65And,IN62AgHDD,1/18/2024,331,247.19
OD44,65Oli,IN378AnoMDM,7/7/2024,325,727.83
OD45,58Dav,IN45Resply,5/23/2024,152,468.09
OD46,62Kel,IN55EarGpu,5/1/2024,382,421.43
OD47,62Bar,IN452AttGraph,2/17/2024,148,924.63
OD48,59Kur,IN12AffMou,10/6/2024,320,919.07
OD49,95Kri,IN678YeRotr,8/30/2024,183,287.44
OD50,43Kev,IN44TeMtrbrd,2/2/2024,286,920.98
OD51,62Ale,IN12PopMou,1/31/2024,381,483.95
OD52,72Chr,IN45PrPntr,2/4/2024,321,120.55
OD53,31Sea,IN33CouSCNR,6/18/2024,38,805.51
OD54,99Kri,IN452BigGraph,2/14/2024,403,779.88
OD55,62Nic,IN32Pr-Key,6/9/2024,88,70.65
OD56,62Dan,IN98FutADA,3/19/2024,87,915.39
OD57,86Kat,IN345TotFAN,1/17/2024,323,105.82
OD58,60Bre,IN32Wr-Key,10/17/2024,462,283.82
OD59,28Tin,IN45OnPntr,1/28/2024,500,808.62
OD60,86Joh,IN56MeSSD,2/20/2024,293,520.62
OD61,67Kar,IN55TerGpu,5/14/2024,146,883.99
OD62,93Ale,IN32Ac-Key,4/1/2024,43,943.33
OD63,62Mic,IN34EmpMtr,5/30/2024,407,875.85
OD64,73Bri,IN98KeeADA,3/12/2024,482,197.06
OD65,44Sar,IN33AlwWEB,9/5/2024,227,679
OD66,23Jon,IN34FulMtr,5/10/2024,21,695.98
OD67,91Aus,IN34OthMtr,8/5/2024,283,494.81
OD68,87Sco,IN10OnCPU,1/31/2024,233,773.57
OD69,35Jes,IN45InPntr,4/29/2024,68,503.16
OD70,66Mar,IN678CuRotr,4/2/2024,123,162.3
OD71,27Rob,IN68ParPROCESR,6/19/2024,452,621.48
OD72,88Jer,IN33StrWEB,1/24/2024,195,299.8
OD73,97Jen,IN32Li-Key,3/21/2024,141,90.81
OD74,50Kev,IN45Casply,1/3/2024,82,906.45
OD75,36Kay,IN453Meedriv,5/27/2024,267,202.93
OD76,75Pam,IN678CaRotr,2/29/2024,440,426.76
OD77,65And,IN34GovMtr,3/12/2024,469,390.26
OD78,62Kel,IN34HeaMtr,2/7/2024,26,603.74
OD79,62Bar,IN98Be ADA,7/31/2024,319,42.04
OD80,39Pat,IN98FasADA,3/12/2024,181,435.23
OD81,95Kri,IN10CoCPU,5/30/2024,165,71.29
OD82,43Kev,IN34IntMtr,3/31/2024,152,552.65
OD83,62Ale,IN34SucMtr,3/10/2024,266,138.33
OD84,31Sea,IN378ReaMDM,2/6/2024,289,872.28
OD85,99Kri,IN33ParSCNR,1/6/2024,209,854.79
OD86,62Nic,IN12FacMou,9/9/2024,265,917.17
OD87,62Dan,IN45MePntr,5/11/2024,68,322.69
OD88,99Bet,IN44PuMtrbrd,8/5/2024,114,565.53
OD89,29Sha,IN55FulGpu,2/4/2024,292,407.82
OD90,99Ken,IN12LatMou,4/18/2024,18,314.73
OD91,86Kat,IN12AnyMou,7/29/2024,37,525.45
OD92,28Tin,IN62ReHDD,2/16/2024,273,498.55
OD93,86Joh,IN378EcoMDM,6/10/2024,397,770.98
OD94,67Kar,IN56TuSSD,9/28/2024,160,612.08
OD95,93Ale,IN345AllRAM,2/9/2024,274,217
OD96,62Mic,IN45UpPntr,7/2/2024,249,860.99
OD97,73Bri,IN33AllWEB,9/24/2024,382,68.06
OD98,23Jon,IN452AssGraph,1/12/2024,312,221.09
OD99,91Aus,IN32Ap-Key,4/20/2024,277,620.7
OD100,35Jes,IN345AskFAN,6/17/2024,80,875.41
OD101,27Rob,IN33SucWEB,3/19/2024,287,431.81
OD102,97Jen,IN55CenGpu,9/16/2024,253,717.45
OD103,87Aar,IN45Lesply,1/27/2024,152,208.18
OD104,50Kev,IN10ReCPU,8/11/2024,212,370.81
OD105,80Ter,IN345GirRAM,1/8/2024,406,82.72
OD106,36Kay,IN32St-Key,9/11/2024,199,133.4
OD107,75Pam,IN62AgHDD,9/17/2024,460,149.41
OD108,65Oli,IN55EarGpu,5/25/2024,146,728.13
OD109,58Dav,IN452AttGraph,7/28/2024,40,438.43
OD110,95Kri,IN12PopMou,5/30/2024,272,856.68
OD111,62Ale,IN45Sosply,5/14/2024,163,161.79
OD112,72Chr,IN33CouSCNR,4/11/2024,453,454.62
OD113,27Bri,IN12WheMou,9/22/2024,232,448.08
OD114,31Sea,IN452BigGraph,5/14/2024,102,429.69
OD115,64Ste,IN32Pr-Key,7/26/2024,328,826.24
OD116,99Kri,IN98FutADA,1/5/2024,461,995.92
OD117,62Nic,IN345DemFAN,9/5/2024,300,894.11
OD118,62Dan,IN55CloGpu,5/21/2024,297,397.23
OD119,99Ken,IN345TotFAN,5/18/2024,251,846.76
OD120,38Lee,IN33DroSCNR,2/8/2024,149,209.45
OD121,92Kar,IN45OnPntr,7/11/2024,115,599.89
OD122,60Bre,IN56MeSSD,1/14/2024,293,12.95
OD123,86Joh,IN32Ac-Key,2/9/2024,299,730.38
OD124,67Kar,IN34EmpMtr,6/18/2024,374,756.85
OD125,93Ale,IN98KeeADA,4/4/2024,15,928.86
OD126,62Mic,IN33AlwWEB,10/13/2024,323,990.73
OD127,73Bri,IN34FulMtr,10/4/2024,339,104.96
OD128,44Sar,IN34OthMtr,6/16/2024,405,263.45
OD129,23Jon,IN452LeaGraph,10/16/2024,307,947.41
OD130,91Aus,IN10OnCPU,8/14/2024,436,931.21
OD131,77Tim,IN452KeeGraph,5/5/2024,168,133.71
OD132,35Jes,IN68ParPROCESR,1/27/2024,136,410.21
OD133,66Mar,IN33StrWEB,3/2/2024,213,290.1
OD134,88Jer,IN12TeaMou,4/13/2024,127,418.09
OD135,87Aar,IN678UnRotr,5/31/2024,359,649.55
OD136,50Kev,IN453Meedriv,10/2/2024,492,901.26
OD137,80Ter,IN34SenMtr,2/28/2024,492,383.81
OD138,36Kay,IN678CaRotr,4/8/2024,499,62.39
OD139,54Sus,IN32Wh-Key,4/1/2024,489,83.65
OD140,75Pam,IN34GovMtr,1/8/2024,187,804.2
OD141,47Mr.,IN98NeaADA,8/6/2024,25,312.63
OD142,65And,IN678EvRotr,8/3/2024,49,528.34
OD143,85Tay,IN34ThiMtr,7/13/2024,236,12.9
OD144,58Dav,IN98Be ADA,4/11/2024,73,648.01
OD145,62Kel,IN98FasADA,3/16/2024,54,534.3
OD146,62Bar,IN345UsuRAM,4/14/2024,423,828.85
OD147,39Pat,IN10CoCPU,3/30/2024,367,81.62
OD148,59Kur,IN34IntMtr,4/21/2024,381,327.37
OD149,95Kri,IN34SucMtr,9/10/2024,208,497.63
OD150,62Ale,IN45Clsply,9/4/2024,273,93.69
OD151,31Sea,IN33ParSCNR,3/28/2024,397,871.55
OD152,99Kri,IN45MePntr,8/17/2024,296,394.2
OD153,62Nic,IN44PuMtrbrd,7/30/2024,430,252.37
OD154,62Dan,IN55FulGpu,8/1/2024,243,16.41
OD155,29Sha,IN68ManPROCESR,2/14/2024,29,646.46
OD156,99Ken,IN12AnyMou,4/29/2024,121,804.76
OD157,86Kat,IN32Re-Key,8/15/2024,330,952.45
OD158,92Kar,IN62ReHDD,9/23/2024,475,448.08
OD159,28Tin,IN56TuSSD,4/7/2024,316,961.93
OD160,86Joh,IN345AllRAM,3/30/2024,381,38.12
OD161,93Ale,IN33AllWEB,5/12/2024,329,360.43
OD162,44Sar,IN32Ap-Key,6/7/2024,328,324.16
OD163,23Jon,IN56StSSD,5/15/2024,399,910.11
OD164,77Tim,IN32We-Key,9/5/2024,496,735.37
OD165,87Sco,IN345AskFAN,4/1/2024,362,83.31
OD166,69And,IN68IndPROCESR,7/17/2024,152,189.58
OD167,35Jes,IN33SucWEB,5/21/2024,339,13.52
OD168,27Rob,IN55CenGpu,9/17/2024,147,446.87
OD169,88Jer,IN45Lesply,3/14/2024,218,360.76
OD170,97Jen,IN10ReCPU,10/6/2024,471,648.99
OD171,36Kay,IN62AgHDD,1/17/2024,107,545.47
OD172,54Sus,IN45Spsply,9/12/2024,404,100.25
OD173,75Pam,IN378AnoMDM,6/23/2024,317,667.94
OD174,65And,IN55EarGpu,8/19/2024,191,992.11
OD175,85Tay,IN452AttGraph,6/6/2024,83,61.8
OD176,65Oli,IN453Me driv,3/26/2024,153,110.93
OD177,58Dav,IN12AffMou,1/2/2024,189,658.18
OD178,59Kur,IN45PrPntr,5/22/2024,265,412.45
OD179,43Kev,IN33CouSCNR,3/18/2024,85,521.62
OD180,62Ale,IN12WheMou,9/14/2024,191,752.25
OD181,72Chr,IN452BigGraph,3/18/2024,467,397.59
OD182,27Bri,IN32Pr-Key,3/31/2024,141,198.44
OD183,31Sea,IN98FutADA,5/9/2024,379,499.73
OD184,99Kri,IN55CloGpu,5/18/2024,146,983.26
OD185,99Bet,IN345TotFAN,2/9/2024,181,110.25
OD186,29Sha,IN33DroSCNR,5/22/2024,189,560.31
OD187,38Lee,IN45OnPntr,5/12/2024,102,156.33
OD188,28Tin,IN34EmpMtr,6/1/2024,58,183.61
OD189,67Kar,IN33AlwWEB,3/4/2024,278,377.21
OD190,62Mic,IN34OthMtr,3/16/2024,228,131.5
OD191,73Bri,IN452LeaGraph,2/2/2024,258,17.4
OD192,44Sar,IN10OnCPU,7/20/2024,121,199.01
OD193,77Tim,IN678CuRotr,9/19/2024,422,973.75
OD194,69And,IN33StrWEB,5/1/2024,61,386.66
OD195,35Jes,IN32Li-Key,3/3/2024,374,698.1
OD196,66Mar,IN12TeaMou,1/21/2024,429,90.01
OD197,27Rob,IN45Casply,5/25/2024,129,233.25
OD198,97Jen,IN453Meedriv,5/5/2024,324,51.14
OD199,50Kev,IN678CaRotr,7/22/2024,435,133.05
OD200,36Kay,IN34GovMtr,9/29/2024,149,758.13
OD201,54Sus,IN98NeaADA,7/12/2024,450,982.65
OD202,75Pam,IN678EvRotr,4/10/2024,419,378.6
OD203,62Kel,IN10CoCPU,3/26/2024,298,678.33
OD204,62Bar,IN34IntMtr,6/29/2024,245,658.58
OD205,59Kur,IN44HuMtrbrd,4/3/2024,416,515.55
OD206,95Kri,IN45Clsply,6/21/2024,454,587.1
OD207,27Bri,IN12FacMou,10/3/2024,176,533.33
OD208,64Ste,IN44PuMtrbrd,7/2/2024,351,284.81
OD209,99Kri,IN55FulGpu,1/23/2024,32,389.07
OD210,62Nic,IN12LatMou,3/7/2024,202,856.79
OD211,99Bet,IN12AnyMou,7/15/2024,445,162.78
OD212,29Sha,IN678RaRotr,3/10/2024,155,400.37
OD213,38Lee,IN62ReHDD,10/10/2024,223,488.38
OD214,86Kat,IN378EcoMDM,8/11/2024,266,233.56
OD215,92Kar,IN56TuSSD,9/22/2024,282,195.62
OD216,60Bre,IN345AllRAM,7/30/2024,209,488.19
OD217,28Tin,IN45UpPntr,6/11/2024,202,218.58
OD218,86Joh,IN33AllWEB,4/19/2024,141,95.64
OD219,67Kar,IN453Hotdriv,4/21/2024,432,609.32
OD220,62Mic,IN32Ap-Key,7/21/2024,81,437.46
OD221,73Bri,IN56StSSD,3/26/2024,372,617.65
OD222,44Sar,IN56AdSSD,7/19/2024,455,493.61
OD223,23Jon,IN32We-Key,5/14/2024,364,607.57
OD224,91Aus,IN345AskFAN,6/2/2024,47,80.87
OD225,77Tim,IN68IndPROCESR,5/5/2024,89,606.16
OD226,87Sco,IN33SucWEB,7/15/2024,75,144.12
OD227,35Jes,IN55CenGpu,4/16/2024,86,71.41
OD228,66Mar,IN45Lesply,9/11/2024,255,335.54
OD229,27Rob,IN10ReCPU,6/18/2024,271,222.41
OD230,88Jer,IN345GirRAM,8/18/2024,403,291.22
OD231,97Jen,IN32St-Key,6/16/2024,20,872.37
OD232,87Aar,IN45Stsply,7/20/2024,323,89.72
OD233,36Kay,IN378AnoMDM,10/7/2024,270,359.57
OD234,54Sus,IN45Resply,7/19/2024,482,126.78
OD235,75Pam,IN55EarGpu,5/3/2024,376,949.63
OD236,47Mr.,IN452AttGraph,5/25/2024,19,672.66
OD237,65And,IN453Me driv,1/28/2024,372,637.53
OD238,58Dav,IN44TeMtrbrd,5/17/2024,186,892.87
OD239,62Kel,IN12PopMou,6/17/2024,80,508.27
OD240,59Kur,IN33CouSCNR,3/26/2024,212,299.79
OD241,95Kri,IN12WheMou,1/23/2024,101,779.48
OD242,62Ale,IN32Pr-Key,4/17/2024,255,838.1
OD243,72Chr,IN98FutADA,6/17/2024,308,168.24
OD244,31Sea,IN55CloGpu,3/11/2024,288,915.76
OD245,64Ste,IN345RocRAM,10/15/2024,166,131.66
OD246,62Nic,IN345TotFAN,4/22/2024,224,442.93
OD247,62Dan,IN33DroSCNR,1/26/2024,15,580.74
OD248,99Ken,IN56MeSSD,1/28/2024,271,738.38
OD249,38Lee,IN55TerGpu,9/26/2024,445,219.93
OD250,92Kar,IN34EmpMtr,6/2/2024,199,565.36
OD251,86Joh,IN34FulMtr,7/7/2024,233,533.14
OD252,67Kar,IN34OthMtr,10/5/2024,349,370.15
OD253,93Ale,IN452LeaGraph,3/25/2024,366,105.97
OD254,73Bri,IN452KeeGraph,9/14/2024,271,924.78
OD255,23Jon,IN678CuRotr,6/8/2024,491,668.22
OD256,91Aus,IN68ParPROCESR,7/17/2024,442,630.97
OD257,77Tim,IN33StrWEB,7/22/2024,487,180.83
OD258,87Sco,IN32Li-Key,6/29/2024,239,300.83
OD259,69And,IN12TeaMou,6/6/2024,446,333.32
OD260,35Jes,IN45Casply,4/8/2024,314,185.02
OD261,27Rob,IN453Meedriv,1/13/2024,469,407.5
OD262,88Jer,IN34SenMtr,6/7/2024,66,119.55
OD263,97Jen,IN678CaRotr,8/14/2024,304,558.58
OD264,50Kev,IN34GovMtr,7/9/2024,355,573.18
OD265,54Sus,IN34ThiMtr,8/2/2024,71,780.17
OD266,75Pam,IN34HeaMtr,7/24/2024,75,738.31
OD267,47Mr.,IN98Be ADA,9/8/2024,281,30.15
OD268,65And,IN98FasADA,3/7/2024,119,470.65
OD269,85Tay,IN345UsuRAM,3/23/2024,388,97.98
OD270,58Dav,IN34IntMtr,10/3/2024,435,950.51
OD271,39Pat,IN45Clsply,6/25/2024,332,980.33
OD272,59Kur,IN378ReaMDM,3/5/2024,198,448.28
OD273,95Kri,IN44SaMtrbrd,1/20/2024,437,888.99
OD274,43Kev,IN33ParSCNR,4/22/2024,450,574.91
OD275,62Ale,IN12FacMou,4/17/2024,290,461.64
OD276,72Chr,IN45MePntr,1/20/2024,25,491.35
OD277,27Bri,IN44PuMtrbrd,6/16/2024,295,328.08
OD278,31Sea,IN55FulGpu,4/28/2024,140,482.23
OD279,99Kri,IN68ManPROCESR,10/13/2024,19,38.66
OD280,62Nic,IN12AnyMou,4/27/2024,142,230.93
OD281,62Dan,IN678RaRotr,7/30/2024,267,662.77
OD282,29Sha,IN62ReHDD,6/20/2024,414,657.7
OD283,38Lee,IN56TuSSD,4/14/2024,159,547.99
OD284,86Kat,IN345AllRAM,7/2/2024,422,984.86
OD285,92Kar,IN45UpPntr,8/11/2024,355,409.78
OD286,60Bre,IN33AllWEB,5/21/2024,45,113.5
OD287,28Tin,IN453Hotdriv,1/11/2024,53,883.84
OD288,86Joh,IN452AssGraph,9/12/2024,189,514.72
OD289,93Ale,IN56StSSD,6/18/2024,364,597.35
OD290,62Mic,IN56AdSSD,4/25/2024,155,506.44
OD291,73Bri,IN32We-Key,8/23/2024,445,444.08
OD292,44Sar,IN345AskFAN,7/16/2024,332,721.02
OD293,23Jon,IN68IndPROCESR,10/9/2024,1,889.7
OD294,91Aus,IN33SucWEB,3/13/2024,167,104.61
OD295,77Tim,IN34BilMtr,8/2/2024,342,792.04
OD296,87Sco,IN55CenGpu,2/28/2024,257,729.13
OD297,35Jes,IN10ReCPU,7/3/2024,445,67.13
OD298,66Mar,IN345GirRAM,3/31/2024,319,467.49
OD299,27Rob,IN32St-Key,3/20/2024,287,175.21
OD300,88Jer,IN45Stsply,2/14/2024,53,391.88
OD301,97Jen,IN62AgHDD,7/9/2024,286,988.89
OD302,50Kev,IN378AnoMDM,7/14/2024,266,887.64
OD303,80Ter,IN45Resply,9/26/2024,363,439.48
OD304,36Kay,IN55EarGpu,4/11/2024,175,408.51
OD305,54Sus,IN452AttGraph,2/16/2024,341,793.76
OD306,75Pam,IN453Me driv,1/14/2024,360,714.31
OD307,47Mr.,IN12AffMou,5/4/2024,146,765.23
OD308,65And,IN678YeRotr,4/12/2024,77,500.8
OD309,62Kel,IN45Sosply,5/22/2024,241,872.06
OD310,62Bar,IN33CouSCNR,8/29/2024,69,665.67
OD311,39Pat,IN12WheMou,2/23/2024,335,27.69
OD312,59Kur,IN452BigGraph,1/22/2024,232,189.88
OD313,62Ale,IN345DemFAN,5/22/2024,299,221.95
OD314,72Chr,IN55CloGpu,2/17/2024,167,854.01
OD315,27Bri,IN345RocRAM,5/29/2024,184,551.27
OD316,64Ste,IN345TotFAN,8/26/2024,200,696.55
OD317,62Dan,IN45OnPntr,6/6/2024,167,756
OD318,99Bet,IN56MeSSD,7/21/2024,275,926.11
OD319,29Sha,IN55TerGpu,8/5/2024,35,502.52
OD320,99Ken,IN32Ac-Key,3/28/2024,109,739.65
OD321,92Kar,IN33AlwWEB,5/29/2024,114,525.57
OD322,60Bre,IN34FulMtr,7/1/2024,200,626.29
OD323,28Tin,IN34OthMtr,8/5/2024,490,933.26
OD324,86Joh,IN452LeaGraph,1/20/2024,32,283.7
OD325,67Kar,IN10OnCPU,10/14/2024,106,90.2
OD326,93Ale,IN452KeeGraph,7/18/2024,258,174.91
OD327,73Bri,IN678CuRotr,1/29/2024,321,33.59
OD328,35Jes,IN453Meedriv,3/26/2024,73,808.6
OD329,27Rob,IN678CaRotr,7/31/2024,444,727.52
OD330,88Jer,IN32Wh-Key,7/30/2024,70,397.92
OD331,97Jen,IN34GovMtr,7/19/2024,357,61.19
OD332,87Aar,IN98NeaADA,2/12/2024,109,694.36
OD333,80Ter,IN34ThiMtr,4/19/2024,348,333.04
OD334,54Sus,IN98Be ADA,8/15/2024,416,193.78
OD335,75Pam,IN98FasADA,6/8/2024,470,616.01
OD336,85Tay,IN34IntMtr,2/6/2024,366,354.54
OD337,58Dav,IN44HuMtrbrd,1/14/2024,151,666.73
OD338,62Kel,IN45Clsply,8/6/2024,148,637.88
OD339,39Pat,IN44SaMtrbrd,9/13/2024,473,868.1
OD340,59Kur,IN33ParSCNR,9/16/2024,479,305.81
OD341,95Kri,IN12FacMou,6/14/2024,143,648.28
OD342,62Ale,IN44PuMtrbrd,8/8/2024,40,756.66
OD343,27Bri,IN12LatMou,6/11/2024,251,337.53
OD344,31Sea,IN68ManPROCESR,9/4/2024,169,989.42
OD345,99Kri,IN678RaRotr,2/12/2024,338,314.22
OD346,62Dan,IN62ReHDD,7/12/2024,413,450.28
OD347,29Sha,IN56TuSSD,10/7/2024,316,947.07
OD348,99Ken,IN345AllRAM,9/2/2024,152,733.09
OD349,38Lee,IN45UpPntr,10/9/2024,270,608.2
OD350,60Bre,IN452AssGraph,4/17/2024,119,137.51
OD351,86Joh,IN56StSSD,1/18/2024,417,871.47
OD352,93Ale,IN32We-Key,7/28/2024,58,961.29
OD353,44Sar,IN33SucWEB,9/1/2024,166,225.56
OD354,23Jon,IN34BilMtr,6/22/2024,147,338.69
OD355,77Tim,IN45Lesply,7/9/2024,138,686.95
OD356,88Jer,IN45Spsply,9/4/2024,42,890.47
OD357,97Jen,IN378AnoMDM,4/2/2024,318,967.31
OD358,80Ter,IN452AttGraph,3/1/2024,433,738.09
OD359,36Kay,IN453Me driv,3/14/2024,151,976.42
OD360,54Sus,IN12AffMou,7/31/2024,449,895.33
OD361,75Pam,IN678YeRotr,5/20/2024,310,458.87
OD362,65And,IN12PopMou,2/8/2024,152,504.98
OD363,58Dav,IN33CouSCNR,1/28/2024,81,285.57
OD364,59Kur,IN98FutADA,5/1/2024,156,329.49
OD365,95Kri,IN345DemFAN,7/24/2024,7,467.68
OD366,62Ale,IN345RocRAM,6/22/2024,245,641.77
OD367,27Bri,IN345TotFAN,4/15/2024,358,581.93
OD368,31Sea,IN33DroSCNR,1/10/2024,7,568.12
OD369,99Kri,IN45OnPntr,9/20/2024,12,614.55
OD370,62Nic,IN56MeSSD,3/2/2024,28,622.29
OD371,62Dan,IN55TerGpu,1/11/2024,367,96.93
OD372,99Ken,IN98KeeADA,4/29/2024,17,296.34
OD373,38Lee,IN33AlwWEB,1/18/2024,316,487.29
OD374,60Bre,IN452LeaGraph,2/3/2024,130,516.8
OD375,28Tin,IN10OnCPU,8/12/2024,106,49.89
OD376,86Joh,IN452KeeGraph,2/27/2024,492,229.65
OD377,67Kar,IN45InPntr,1/13/2024,400,939.96
OD378,62Mic,IN68ParPROCESR,7/4/2024,412,940
OD379,73Bri,IN33StrWEB,2/9/2024,445,174.1
OD380,23Jon,IN12TeaMou,6/20/2024,254,253.48
OD381,87Sco,IN453Meedriv,3/10/2024,346,348.08
OD382,69And,IN34SenMtr,4/6/2024,315,720.27
OD383,66Mar,IN32Wh-Key,3/24/2024,424,849.64
OD384,27Rob,IN34GovMtr,8/25/2024,218,133.01
OD385,88Jer,IN98NeaADA,4/27/2024,21,906
OD386,97Jen,IN678EvRotr,4/8/2024,386,202.24
OD387,87Aar,IN34ThiMtr,5/5/2024,87,361.59
OD388,50Kev,IN34HeaMtr,1/1/2024,401,548.07
OD389,36Kay,IN98FasADA,8/25/2024,365,680.22
OD390,54Sus,IN345UsuRAM,6/5/2024,141,562.29
OD391,75Pam,IN10CoCPU,3/16/2024,191,105.65
OD392,47Mr.,IN34IntMtr,10/13/2024,85,764.86
OD393,65And,IN34SucMtr,8/16/2024,243,827.6
OD394,85Tay,IN44HuMtrbrd,5/19/2024,24,326.24
OD395,58Dav,IN378ReaMDM,7/14/2024,7,880.13
OD396,62Kel,IN44SaMtrbrd,1/13/2024,239,266.61
OD397,62Bar,IN33ParSCNR,7/19/2024,128,469.63
OD398,39Pat,IN12FacMou,8/13/2024,442,925.87
OD399,59Kur,IN45MePntr,8/15/2024,154,566.29
OD400,43Kev,IN55FulGpu,1/23/2024,216,819.19
OD401,62Ale,IN12LatMou,6/29/2024,421,869.27
OD402,27Bri,IN12AnyMou,8/9/2024,291,988.23
OD403,31Sea,IN678RaRotr,5/11/2024,426,747.78
OD404,64Ste,IN32Re-Key,7/27/2024,278,212.99
OD405,62Nic,IN378EcoMDM,3/13/2024,467,865.97
OD406,99Bet,IN345AllRAM,7/28/2024,281,689.12
OD407,29Sha,IN45UpPntr,4/18/2024,484,394.9
OD408,99Ken,IN33AllWEB,7/12/2024,245,299.46
OD409,86Kat,IN452AssGraph,6/6/2024,438,933.17
OD410,92Kar,IN32Ap-Key,2/2/2024,390,962.13
OD411,60Bre,IN56StSSD,5/31/2024,320,591.69
OD412,28Tin,IN56AdSSD,2/17/2024,266,294.86
OD413,67Kar,IN345AskFAN,8/15/2024,216,649.71
OD414,93Ale,IN68IndPROCESR,3/12/2024,296,53.34
OD415,62Mic,IN33SucWEB,7/15/2024,194,628.35
OD416,91Aus,IN10ReCPU,9/24/2024,173,925.57
OD417,77Tim,IN345GirRAM,6/27/2024,380,498.75
OD418,87Sco,IN32St-Key,8/30/2024,368,718.25
OD419,69And,IN45Stsply,6/24/2024,104,449.92
OD420,35Jes,IN62AgHDD,7/25/2024,278,466.96
OD421,66Mar,IN45Spsply,4/8/2024,3,396.32
OD422,27Rob,IN378AnoMDM,6/8/2024,199,541.12
OD423,88Jer,IN45Resply,6/19/2024,120,106.8
OD424,87Aar,IN452AttGraph,3/23/2024,453,446.96
OD425,50Kev,IN453Me driv,7/13/2024,400,185.29
OD426,80Ter,IN12AffMou,1/6/2024,449,265.84
OD427,36Kay,IN678YeRotr,3/15/2024,277,36.57
OD428,65And,IN45Sosply,3/14/2024,154,182.88
OD429,85Tay,IN33CouSCNR,4/23/2024,387,432.62
OD430,62Kel,IN32Pr-Key,9/24/2024,277,294.16
OD431,59Kur,IN55CloGpu,7/29/2024,438,723.81
OD432,95Kri,IN345RocRAM,6/24/2024,247,552.84
OD433,62Ale,IN345TotFAN,7/8/2024,391,992.77
OD434,27Bri,IN32Wr-Key,1/17/2024,193,944.84
OD435,31Sea,IN45OnPntr,10/3/2024,459,666.87
OD436,99Kri,IN55TerGpu,8/16/2024,63,584.83
OD437,62Nic,IN32Ac-Key,3/30/2024,202,525.43
OD438,99Bet,IN98KeeADA,7/24/2024,303,992.58
OD439,29Sha,IN33AlwWEB,6/24/2024,258,776.79
OD440,99Ken,IN34FulMtr,7/5/2024,104,598.97
OD441,38Lee,IN34OthMtr,2/12/2024,93,818.92
OD442,86Kat,IN452LeaGraph,8/9/2024,334,607.28
OD443,28Tin,IN45InPntr,2/13/2024,161,539.18
OD444,67Kar,IN68ParPROCESR,1/18/2024,151,585.95
OD445,93Ale,IN33StrWEB,4/2/2024,407,163.46
OD446,62Mic,IN32Li-Key,8/24/2024,161,859.49
OD447,73Bri,IN12TeaMou,3/11/2024,261,13.64
OD448,44Sar,IN45Casply,6/26/2024,492,207.15
OD449,91Aus,IN453Meedriv,10/3/2024,248,334.87
OD450,69And,IN32Wh-Key,8/11/2024,383,12.93
OD451,27Rob,IN678EvRotr,2/17/2024,113,133.84
OD452,88Jer,IN34ThiMtr,9/20/2024,399,998.6
OD453,50Kev,IN98FasADA,9/17/2024,38,964.8
OD454,36Kay,IN10CoCPU,4/4/2024,89,81.49
OD455,54Sus,IN34IntMtr,4/13/2024,278,92.98
OD456,47Mr.,IN44HuMtrbrd,1/31/2024,70,920.99
OD457,65And,IN45Clsply,1/12/2024,362,627.44
OD458,65Oli,IN44SaMtrbrd,4/20/2024,291,216.3
OD459,58Dav,IN33ParSCNR,4/5/2024,460,695.64
OD460,62Kel,IN12FacMou,9/18/2024,169,769.6
OD461,62Bar,IN45MePntr,5/28/2024,197,16.55
OD462,39Pat,IN44PuMtrbrd,9/21/2024,274,781.53
OD463,59Kur,IN55FulGpu,5/26/2024,399,125.17
OD464,62Ale,IN12AnyMou,8/11/2024,489,900.32
OD465,72Chr,IN678RaRotr,4/5/2024,338,212.93
OD466,31Sea,IN62ReHDD,8/12/2024,415,136.12
OD467,62Dan,IN45UpPntr,3/25/2024,61,433.32
OD468,99Bet,IN33AllWEB,9/5/2024,96,792.22
OD469,86Kat,IN56StSSD,4/19/2024,108,516.95
OD470,92Kar,IN56AdSSD,9/1/2024,339,501.26
OD471,28Tin,IN345AskFAN,8/6/2024,118,84.03
OD472,67Kar,IN33SucWEB,7/14/2024,11,309.85
OD473,62Mic,IN55CenGpu,6/24/2024,444,138.94
OD474,23Jon,IN345GirRAM,3/24/2024,15,694.98
OD475,91Aus,IN32St-Key,2/25/2024,184,300.12
OD476,77Tim,IN45Stsply,9/30/2024,119,680.01
OD477,69And,IN45Spsply,6/15/2024,202,470.65
OD478,88Jer,IN452AttGraph,8/28/2024,347,68.08
OD479,87Aar,IN12AffMou,6/9/2024,181,833
OD480,50Kev,IN678YeRotr,1/10/2024,240,478.06
OD481,80Ter,IN44TeMtrbrd,7/1/2024,449,355.64
OD482,36Kay,IN12PopMou,5/5/2024,85,124.81
OD483,47Mr.,IN33CouSCNR,8/7/2024,473,996.7
OD484,85Tay,IN452BigGraph,6/4/2024,259,336.49
OD485,65Oli,IN32Pr-Key,4/18/2024,149,228.67
OD486,62Kel,IN345DemFAN,2/9/2024,457,287.46
OD487,62Bar,IN55CloGpu,2/21/2024,57,903.61
OD488,39Pat,IN345RocRAM,10/17/2024,286,50.28
OD489,59Kur,IN62OnHDD,2/24/2024,81,310.78
OD490,43Kev,IN33DroSCNR,9/26/2024,221,629.47
OD491,62Ale,IN32Wr-Key,1/28/2024,59,144.57
OD492,72Chr,IN45OnPntr,8/4/2024,356,887.72
OD493,27Bri,IN56MeSSD,2/18/2024,204,212.03
OD494,31Sea,IN55TerGpu,1/29/2024,320,386.85
OD495,62Nic,IN98KeeADA,10/5/2024,33,390.88
OD496,62Dan,IN33AlwWEB,8/17/2024,24,632.82
OD497,29Sha,IN34OthMtr,7/25/2024,361,331.21
OD498,99Ken,IN452LeaGraph,5/17/2024,190,955.41
OD499,38Lee,IN10OnCPU,1/22/2024,434,449.91
OD500,86Kat,IN452KeeGraph,1/6/2024,353,573.66
OD501,92Kar,IN45InPntr,5/8/2024,108,918.07
OD502,28Tin,IN68ParPROCESR,7/28/2024,357,539.99
OD503,86Joh,IN33StrWEB,9/10/2024,279,559.84
OD504,73Bri,IN678UnRotr,9/22/2024,488,579.9
OD505,44Sar,IN453Meedriv,6/11/2024,329,792.93
OD506,69And,IN98NeaADA,4/4/2024,480,684.29
OD507,35Jes,IN678EvRotr,7/22/2024,332,599.69
OD508,66Mar,IN34ThiMtr,1/14/2024,21,832.38
OD509,27Rob,IN34HeaMtr,1/14/2024,496,142.11
OD510,97Jen,IN98FasADA,9/14/2024,81,737.85
OD511,50Kev,IN10CoCPU,1/18/2024,96,208.91
OD512,80Ter,IN34IntMtr,2/11/2024,366,769.66
OD513,65And,IN44SaMtrbrd,7/15/2024,318,483.19
OD514,62Bar,IN55FulGpu,7/31/2024,461,345.74
OD515,62Ale,IN32Re-Key,2/22/2024,220,569.6
OD516,72Chr,IN62ReHDD,8/25/2024,268,395.95
OD517,27Bri,IN378EcoMDM,9/4/2024,171,268.79
OD518,31Sea,IN56TuSSD,9/30/2024,216,29.17
OD519,99Kri,IN45UpPntr,10/8/2024,402,635.27
OD520,62Nic,IN33AllWEB,9/14/2024,423,385.8
OD521,62Dan,IN453Hotdriv,4/13/2024,391,11.04
OD522,99Bet,IN452AssGraph,3/14/2024,202,823.41
OD523,99Ken,IN56StSSD,6/14/2024,318,623.39
OD524,86Kat,IN32We-Key,1/31/2024,160,459.9
OD525,92Kar,IN345AskFAN,6/16/2024,49,274.58
OD526,60Bre,IN68IndPROCESR,1/26/2024,319,234.9
OD527,28Tin,IN33SucWEB,5/12/2024,311,694.67
OD528,44Sar,IN32St-Key,9/14/2024,10,116.75
OD529,23Jon,IN45Stsply,3/2/2024,337,778.28
OD530,77Tim,IN45Spsply,5/15/2024,78,808.53
OD531,87Sco,IN378AnoMDM,1/7/2024,417,922.78
OD532,69And,IN45Resply,4/25/2024,210,724.7
OD533,97Jen,IN678YeRotr,8/27/2024,467,325.8
OD534,50Kev,IN12PopMou,5/3/2024,471,529.15
OD535,80Ter,IN45PrPntr,4/20/2024,348,214.95
OD536,36Kay,IN45Sosply,9/8/2024,288,567.2
OD537,75Pam,IN12WheMou,7/10/2024,17,589.88
OD538,47Mr.,IN452BigGraph,3/29/2024,300,318.76
OD539,85Tay,IN98FutADA,7/23/2024,331,194.69
OD540,65Oli,IN345DemFAN,3/23/2024,170,393.62
OD541,58Dav,IN55CloGpu,4/26/2024,374,506.63
OD542,39Pat,IN345TotFAN,1/29/2024,129,500.89
OD543,59Kur,IN33DroSCNR,10/9/2024,282,653.65
OD544,95Kri,IN32Wr-Key,8/16/2024,484,731.03
OD545,62Ale,IN56MeSSD,1/26/2024,156,208.15
OD546,27Bri,IN32Ac-Key,2/27/2024,328,881.07
OD547,64Ste,IN98KeeADA,7/14/2024,44,56.64
OD548,99Kri,IN33AlwWEB,4/23/2024,293,698.47
OD549,62Nic,IN34FulMtr,5/24/2024,18,307.27
OD550,99Bet,IN452LeaGraph,6/4/2024,83,985.04
OD551,29Sha,IN10OnCPU,8/10/2024,319,191.95
OD552,99Ken,IN452KeeGraph,1/23/2024,79,812.47
OD553,38Lee,IN45InPntr,8/24/2024,265,303.23
OD554,86Kat,IN678CuRotr,6/15/2024,55,704.22
OD555,92Kar,IN68ParPROCESR,3/27/2024,151,175.59
OD556,86Joh,IN12TeaMou,2/27/2024,191,813.25
OD557,67Kar,IN45Casply,3/10/2024,360,769.03
OD558,93Ale,IN678UnRotr,2/22/2024,169,590.06
OD559,62Mic,IN453Meedriv,6/11/2024,146,808.4
OD560,44Sar,IN678CaRotr,3/14/2024,317,703.87
OD561,23Jon,IN32Wh-Key,4/22/2024,240,831.71
OD562,91Aus,IN34GovMtr,7/31/2024,469,138.41
OD563,77Tim,IN98NeaADA,3/10/2024,37,542.07
OD564,69And,IN34ThiMtr,7/5/2024,376,539.19
OD565,35Jes,IN34HeaMtr,2/25/2024,292,311.17
OD566,66Mar,IN98Be ADA,8/28/2024,349,857.47
OD567,97Jen,IN10CoCPU,1/20/2024,371,408.5
OD568,87Aar,IN34IntMtr,1/31/2024,263,159.25
OD569,50Kev,IN34SucMtr,2/20/2024,41,516.13
OD570,80Ter,IN44HuMtrbrd,1/4/2024,353,380.69
OD571,75Pam,IN44SaMtrbrd,1/3/2024,222,586.21
OD572,65And,IN12FacMou,9/13/2024,62,750.64
OD573,85Tay,IN45MePntr,8/26/2024,453,211.92
OD574,58Dav,IN55FulGpu,1/20/2024,494,15.46
OD575,62Kel,IN12LatMou,10/2/2024,439,158.61
OD576,62Bar,IN68ManPROCESR,1/17/2024,21,416
OD577,39Pat,IN12AnyMou,2/16/2024,483,882.41
OD578,59Kur,IN678RaRotr,2/14/2024,90,192.29
OD579,95Kri,IN32Re-Key,7/15/2024,120,717.7
OD580,72Chr,IN56TuSSD,2/6/2024,224,268.23
OD581,27Bri,IN345AllRAM,2/1/2024,460,355.6
OD582,31Sea,IN45UpPntr,6/2/2024,53,754.21
OD583,64Ste,IN33AllWEB,2/3/2024,459,171.5
OD584,99Kri,IN453Hotdriv,3/26/2024,343,22.65
OD585,99Bet,IN56StSSD,4/10/2024,134,199.73
OD586,29Sha,IN56AdSSD,9/25/2024,84,855.75
OD587,99Ken,IN32We-Key,2/18/2024,245,440.74
OD588,86Kat,IN68IndPROCESR,3/14/2024,346,25.49
OD589,92Kar,IN33SucWEB,6/27/2024,370,883.24
OD590,28Tin,IN55CenGpu,4/4/2024,129,75.07
OD591,86Joh,IN45Lesply,1/8/2024,384,769.34
OD592,67Kar,IN10ReCPU,4/6/2024,230,179.82
OD593,93Ale,IN345GirRAM,7/31/2024,105,460.42
OD594,62Mic,IN32St-Key,8/6/2024,480,639.38
OD595,44Sar,IN62AgHDD,10/6/2024,95,482.45
OD596,23Jon,IN45Spsply,5/17/2024,92,951.95
OD597,91Aus,IN378AnoMDM,2/18/2024,266,375.66
OD598,77Tim,IN45Resply,3/6/2024,131,590.34
OD599,27Rob,IN678YeRotr,2/7/2024,258,219.21
OD600,88Jer,IN44TeMtrbrd,4/30/2024,390,524.46
OD601,97Jen,IN12PopMou,1/4/2024,272,268.22
OD602,50Kev,IN45Sosply,2/5/2024,457,839.99
OD603,80Ter,IN33CouSCNR,4/19/2024,124,905.11
OD604,36Kay,IN12WheMou,5/15/2024,37,623.51
OD605,54Sus,IN452BigGraph,1/7/2024,159,642.18
OD606,75Pam,IN32Pr-Key,5/28/2024,431,869.21
OD607,65And,IN345DemFAN,8/17/2024,49,903.61
OD608,65Oli,IN345RocRAM,6/15/2024,303,734.76
OD609,58Dav,IN62OnHDD,7/27/2024,477,954.7
OD610,62Kel,IN345TotFAN,4/20/2024,301,641.83
OD611,62Bar,IN33DroSCNR,4/15/2024,200,729.08
OD612,39Pat,IN32Wr-Key,2/6/2024,267,411.47
OD613,62Ale,IN32Ac-Key,3/3/2024,491,732.32
OD614,72Chr,IN34EmpMtr,8/14/2024,4,342.76
OD615,27Bri,IN98KeeADA,9/2/2024,258,956.68
OD616,31Sea,IN33AlwWEB,8/1/2024,405,157.76
OD617,62Dan,IN10OnCPU,1/13/2024,3,695.87
OD618,99Bet,IN452KeeGraph,1/31/2024,123,803.85
OD619,99Ken,IN678CuRotr,5/24/2024,169,332.2
OD620,38Lee,IN68ParPROCESR,1/25/2024,167,213.35
OD621,86Kat,IN33StrWEB,9/9/2024,163,456.12
OD622,92Kar,IN32Li-Key,10/12/2024,206,667.35
OD623,60Bre,IN12TeaMou,6/13/2024,186,740.45
OD624,86Joh,IN678UnRotr,4/26/2024,393,493.41
OD625,67Kar,IN453Meedriv,8/27/2024,74,350.63
OD626,93Ale,IN34SenMtr,9/13/2024,356,417.24
OD627,62Mic,IN678CaRotr,8/5/2024,40,381.01
OD628,73Bri,IN32Wh-Key,3/9/2024,313,584.51
OD629,44Sar,IN34GovMtr,5/29/2024,199,725.68
OD630,87Sco,IN34HeaMtr,6/11/2024,258,228.33
OD631,35Jes,IN98FasADA,5/17/2024,483,418.78
OD632,66Mar,IN345UsuRAM,7/3/2024,222,564.81
OD633,27Rob,IN10CoCPU,9/10/2024,486,758.55
OD634,97Jen,IN34SucMtr,10/12/2024,221,522.3
OD635,87Aar,IN44HuMtrbrd,10/17/2024,428,995.26
OD636,36Kay,IN44SaMtrbrd,5/31/2024,303,672.67
OD637,54Sus,IN33ParSCNR,2/13/2024,29,751.64
OD638,75Pam,IN12FacMou,8/22/2024,219,285.27
OD639,47Mr.,IN45MePntr,2/5/2024,255,169.13
OD640,65And,IN44PuMtrbrd,2/3/2024,399,251.48
OD641,85Tay,IN55FulGpu,3/15/2024,157,864.83
OD642,65Oli,IN12LatMou,4/16/2024,332,943.09
OD643,66Mar,IN345UsuRAM,7/12/2024,222,564.81
OD644,77Tim,IN34FulMtr,3/18/2024,424,833.17
OD645,69And,IN452LeaGraph,8/4/2024,299,872.31
OD646,35Jes,IN10OnCPU,8/26/2024,372,153.73
OD647,27Rob,IN45InPntr,5/6/2024,313,386.36
OD648,88Jer,IN678CuRotr,3/28/2024,459,753.99
OD649,97Jen,IN68ParPROCESR,7/18/2024,226,460.2
OD650,87Aar,IN33StrWEB,1/14/2024,99,354.9
OD651,50Kev,IN32Li-Key,9/7/2024,448,189.1
OD652,80Ter,IN12TeaMou,6/27/2024,293,551.42
OD653,36Kay,IN45Casply,9/13/2024,458,182.84
OD654,85Tay,IN32Wh-Key,8/31/2024,421,179.76
OD655,59Kur,IN98Be ADA,7/25/2024,187,473.37
OD656,43Kev,IN345UsuRAM,9/7/2024,61,351
OD657,72Chr,IN34IntMtr,7/28/2024,421,918.54
OD658,31Sea,IN44HuMtrbrd,8/12/2024,118,339.33
OD659,62Nic,IN44SaMtrbrd,3/14/2024,222,671.15
OD660,86Kat,IN12LatMou,8/29/2024,325,612.96
OD661,86Joh,IN32Re-Key,8/30/2024,430,779.46
OD662,67Kar,IN62ReHDD,9/14/2024,47,980.47
OD663,73Bri,IN345AllRAM,3/18/2024,25,368.47
OD664,44Sar,IN45UpPntr,2/18/2024,416,965.97
OD665,27Rob,IN345AskFAN,4/20/2024,288,462.86
OD666,85Tay,IN45Spsply,9/19/2024,160,257.29
OD667,39Pat,IN453Me driv,8/31/2024,38,885.18
OD668,27Bri,IN45Sosply,3/6/2024,247,91.89
OD669,64Ste,IN12WheMou,8/9/2024,262,59.58
OD670,99Bet,IN345DemFAN,7/31/2024,6,90.48
OD671,29Sha,IN55CloGpu,1/5/2024,379,809.45
OD672,99Ken,IN345RocRAM,2/2/2024,322,352.11
OD673,38Lee,IN62OnHDD,9/10/2024,237,985.98
OD674,92Kar,IN33DroSCNR,3/30/2024,78,371.96
OD675,77Tim,IN452LeaGraph,5/4/2024,317,395.97
OD676,69And,IN452KeeGraph,6/24/2024,37,178.95
OD677,87Aar,IN12TeaMou,10/12/2024,59,187.44
OD678,80Ter,IN678UnRotr,8/25/2024,481,202.27
OD679,54Sus,IN34SenMtr,1/13/2024,301,52.89
OD680,47Mr.,IN32Wh-Key,2/7/2024,251,251.36
OD681,85Tay,IN98NeaADA,9/29/2024,37,268.13
OD682,65Oli,IN678EvRotr,4/16/2024,257,411.63
OD683,58Dav,IN34ThiMtr,4/25/2024,192,475.37
OD684,59Kur,IN345UsuRAM,4/6/2024,145,412.27
OD685,72Chr,IN44HuMtrbrd,5/26/2024,63,306.76
OD686,64Ste,IN44SaMtrbrd,9/23/2024,349,676.2
OD687,38Lee,IN68ManPROCESR,4/22/2024,385,210.14
OD688,92Kar,IN678RaRotr,6/23/2024,405,810.52
OD689,60Bre,IN32Re-Key,3/13/2024,360,400.4
OD690,44Sar,IN453Hotdriv,2/29/2024,229,548.5
OD691,77Tim,IN56StSSD,7/27/2024,452,470.65
OD692,87Sco,IN56AdSSD,6/22/2024,395,694.84
OD693,69And,IN32We-Key,4/8/2024,460,841.89
OD694,66Mar,IN68IndPROCESR,1/30/2024,350,89.41
OD695,88Jer,IN34BilMtr,8/9/2024,474,273.33
OD696,54Sus,IN45Stsply,1/22/2024,174,907.81
OD697,47Mr.,IN45Spsply,4/25/2024,135,30.98
OD698,65And,IN378AnoMDM,10/3/2024,115,646.7
OD699,85Tay,IN45Resply,6/2/2024,173,519.88
OD700,62Kel,IN453Me driv,4/11/2024,322,920.89
OD701,62Bar,IN12AffMou,1/31/2024,373,265.17
OD702,39Pat,IN678YeRotr,4/21/2024,212,166.43
OD703,59Kur,IN44TeMtrbrd,4/13/2024,70,174.66
OD704,43Kev,IN45PrPntr,4/11/2024,355,870.68
OD705,99Bet,IN345RocRAM,6/23/2024,305,997.34
OD706,29Sha,IN62OnHDD,3/25/2024,137,251.49
OD707,86Kat,IN32Wr-Key,4/19/2024,221,901.15
OD708,28Tin,IN55TerGpu,4/1/2024,69,147.52
OD709,87Sco,IN45InPntr,10/10/2024,25,968.34
OD710,69And,IN678CuRotr,8/12/2024,243,797.85
OD711,27Rob,IN32Li-Key,4/27/2024,335,164.24
OD712,97Jen,IN45Casply,2/18/2024,129,291.21
OD713,65Oli,IN34HeaMtr,1/29/2024,495,112.32
OD714,43Kev,IN44HuMtrbrd,7/22/2024,40,562.56
OD715,72Chr,IN378ReaMDM,4/25/2024,465,797.58
OD716,27Bri,IN44SaMtrbrd,6/2/2024,100,665.8
OD717,64Ste,IN12FacMou,9/6/2024,423,566.54
OD718,99Bet,IN12LatMou,2/21/2024,143,428.11
OD719,38Lee,IN678RaRotr,7/5/2024,369,363.99
OD720,60Bre,IN378EcoMDM,2/14/2024,49,504.34
OD721,67Kar,IN45UpPntr,4/30/2024,75,673.9
OD722,62Mic,IN453Hotdriv,8/12/2024,271,141.36
OD723,73Bri,IN452AssGraph,1/8/2024,337,742.62
OD724,91Aus,IN56AdSSD,9/10/2024,80,152.53
OD725,66Mar,IN34BilMtr,4/20/2024,378,670.77
OD726,87Aar,IN345GirRAM,3/7/2024,144,766
OD727,50Kev,IN32St-Key,3/5/2024,378,895.71
OD728,80Ter,IN45Stsply,3/5/2024,314,619.21
OD729,47Mr.,IN45Resply,1/9/2024,381,997.82
OD730,62Kel,IN678YeRotr,6/5/2024,103,570.07
OD731,62Bar,IN44TeMtrbrd,3/6/2024,346,239.69
OD732,39Pat,IN12PopMou,7/7/2024,278,670.31
OD733,95Kri,IN45Sosply,3/17/2024,224,927.31
OD734,64Ste,IN345DemFAN,2/7/2024,116,491.4
OD735,62Nic,IN345RocRAM,8/24/2024,294,61.94
OD736,62Dan,IN62OnHDD,2/27/2024,437,266.05
OD737,99Ken,IN32Wr-Key,6/2/2024,47,620.79
OD738,86Kat,IN56MeSSD,1/26/2024,198,433.34
OD739,92Kar,IN55TerGpu,9/2/2024,56,403.68
OD740,60Bre,IN32Ac-Key,9/21/2024,458,270.26
OD741,86Joh,IN98KeeADA,5/27/2024,199,138.98
OD742,93Ale,IN34FulMtr,4/23/2024,266,559.62
OD743,23Jon,IN452KeeGraph,9/18/2024,21,319.18
OD744,91Aus,IN45InPntr,10/5/2024,54,283
OD745,87Sco,IN68ParPROCESR,8/7/2024,265,865.93
OD746,88Jer,IN678UnRotr,2/18/2024,472,961.15
OD747,87Aar,IN34SenMtr,9/9/2024,269,22.87
OD748,80Ter,IN32Wh-Key,8/10/2024,371,522.01
OD749,47Mr.,IN34ThiMtr,5/8/2024,53,386.99
OD750,65And,IN34HeaMtr,1/17/2024,351,261.55
OD751,85Tay,IN98Be ADA,3/28/2024,142,711.78
OD752,65Oli,IN98FasADA,1/16/2024,243,170.16
OD753,58Dav,IN345UsuRAM,4/23/2024,226,209.47
OD754,39Pat,IN34SucMtr,1/24/2024,498,414.71
OD755,43Kev,IN378ReaMDM,5/29/2024,23,789.12
OD756,62Ale,IN44SaMtrbrd,1/6/2024,184,794.09
OD757,72Chr,IN33ParSCNR,4/2/2024,64,746.71
OD758,31Sea,IN45MePntr,3/7/2024,286,906.14
OD759,62Dan,IN68ManPROCESR,8/9/2024,167,929.14
OD760,99Ken,IN32Re-Key,4/4/2024,484,166.27
OD761,93Ale,IN452AssGraph,1/28/2024,102,321.01
OD762,69And,IN34BilMtr,6/25/2024,348,132.43
OD763,50Kev,IN62AgHDD,2/25/2024,38,51.86
OD764,80Ter,IN45Spsply,9/27/2024,267,650.08
OD765,85Tay,IN12AffMou,4/22/2024,8,971.59
OD766,65Oli,IN678YeRotr,2/29/2024,363,694.37
OD767,62Bar,IN45PrPntr,4/30/2024,146,537.73
OD768,39Pat,IN45Sosply,2/29/2024,394,665.99
OD769,43Kev,IN452BigGraph,1/16/2024,414,291.88
OD770,27Bri,IN345DemFAN,9/11/2024,348,900.98
OD771,99Kri,IN62OnHDD,7/7/2024,75,940.7
OD772,99Bet,IN32Wr-Key,2/15/2024,316,607.91
OD773,29Sha,IN45OnPntr,3/5/2024,110,396.4
OD774,86Kat,IN32Ac-Key,2/16/2024,221,554.58
OD775,60Bre,IN98KeeADA,4/17/2024,423,369.77
OD776,28Tin,IN33AlwWEB,3/11/2024,249,269.64
OD777,62Mic,IN10OnCPU,5/19/2024,219,845.05
OD778,44Sar,IN45InPntr,4/20/2024,221,46.99
OD779,66Mar,IN678UnRotr,1/24/2024,461,122.01
OD780,87Aar,IN32Wh-Key,10/13/2024,98,373.56
OD781,80Ter,IN98NeaADA,8/21/2024,399,888.63
OD782,36Kay,IN678EvRotr,5/12/2024,491,516.49
OD783,65Oli,IN10CoCPU,6/17/2024,379,508.8
OD784,62Kel,IN34SucMtr,1/14/2024,13,304.63
OD785,62Bar,IN44HuMtrbrd,3/18/2024,278,898.26
OD786,64Ste,IN12LatMou,3/23/2024,6,36.59
OD787,99Bet,IN32Re-Key,5/24/2024,185,704.54
OD788,99Ken,IN378EcoMDM,2/21/2024,228,435.13
OD789,69And,IN45Lesply,4/9/2024,34,423.24
OD790,87Aar,IN45Spsply,6/18/2024,47,788.33
OD791,85Tay,IN44TeMtrbrd,9/18/2024,376,911.88
OD792,65Oli,IN12PopMou,8/17/2024,431,588.52
OD793,58Dav,IN45PrPntr,7/19/2024,493,580.34
OD794,95Kri,IN32Pr-Key,6/3/2024,43,733.83
OD795,43Kev,IN98FutADA,3/17/2024,391,111.91
OD796,31Sea,IN62OnHDD,2/20/2024,303,105.36
OD797,99Kri,IN33DroSCNR,6/15/2024,173,595.86
OD798,62Nic,IN32Wr-Key,4/14/2024,325,481.98
OD799,38Lee,IN34EmpMtr,7/4/2024,397,165.83
OD800,86Kat,IN98KeeADA,4/19/2024,12,395.42
OD801,62Mic,IN45InPntr,6/10/2024,433,182.25
OD802,44Sar,IN68ParPROCESR,2/15/2024,390,156.99
OD803,23Jon,IN33StrWEB,3/17/2024,237,684.59
OD804,91Aus,IN32Li-Key,7/30/2024,425,988.29
OD805,77Tim,IN12TeaMou,5/29/2024,206,745.66
OD806,87Sco,IN45Casply,5/31/2024,121,412.78
OD807,69And,IN678UnRotr,3/23/2024,12,292.22
OD808,66Mar,IN34SenMtr,9/11/2024,1,99.04
OD809,50Kev,IN678EvRotr,7/5/2024,58,652.45
OD810,36Kay,IN34HeaMtr,7/20/2024,113,392.16
OD811,47Mr.,IN345UsuRAM,7/5/2024,276,246.91
OD812,65And,IN10CoCPU,7/25/2024,23,107.03
OD813,65Oli,IN34SucMtr,10/16/2024,500,786.67
OD814,62Bar,IN378ReaMDM,4/2/2024,444,18.46
OD815,43Kev,IN45MePntr,7/16/2024,23,249.43
OD816,72Chr,IN55FulGpu,10/6/2024,59,467.04
OD817,64Ste,IN12AnyMou,9/13/2024,309,659.02
OD818,62Nic,IN32Re-Key,5/7/2024,147,774.8
OD819,99Bet,IN378EcoMDM,4/17/2024,118,170.01
OD820,86Kat,IN33AllWEB,9/21/2024,26,965.52
OD821,92Kar,IN453Hotdriv,1/16/2024,146,993.51
OD822,28Tin,IN32Ap-Key,9/25/2024,421,632.22
OD823,67Kar,IN56AdSSD,4/30/2024,275,872.79
OD824,62Mic,IN345AskFAN,10/5/2024,35,311.06
OD825,73Bri,IN68IndPROCESR,3/26/2024,108,661.79
OD826,91Aus,IN55CenGpu,9/23/2024,464,639.6
OD827,87Sco,IN10ReCPU,8/1/2024,158,320.95
OD828,69And,IN345GirRAM,7/1/2024,104,38.9
OD829,35Jes,IN32St-Key,9/8/2024,352,305.61
OD830,66Mar,IN45Stsply,5/28/2024,232,307.26
OD831,27Rob,IN62AgHDD,7/15/2024,385,608.19
OD832,87Aar,IN45Resply,5/25/2024,324,917.91
OD833,50Kev,IN55EarGpu,7/11/2024,136,551.17
OD834,47Mr.,IN44TeMtrbrd,9/1/2024,415,908.88
OD835,85Tay,IN45PrPntr,2/16/2024,49,536.89
OD836,65Oli,IN45Sosply,8/4/2024,232,183.38
OD837,62Kel,IN12WheMou,3/14/2024,162,93.23
OD838,62Bar,IN452BigGraph,9/18/2024,14,779.19
OD839,39Pat,IN32Pr-Key,5/19/2024,136,359.25
OD840,43Kev,IN55CloGpu,4/5/2024,171,390.11
OD841,72Chr,IN62OnHDD,5/27/2024,4,420.89
OD842,64Ste,IN32Wr-Key,10/9/2024,66,316.85
OD843,99Bet,IN32Ac-Key,5/24/2024,423,857.23
OD844,29Sha,IN34EmpMtr,7/18/2024,116,607.07
OD845,86Kat,IN34FulMtr,4/12/2024,418,301.22
OD846,92Kar,IN34OthMtr,2/23/2024,217,734.88
OD847,93Ale,IN678CuRotr,6/14/2024,275,481.4
OD848,44Sar,IN32Li-Key,10/2/2024,157,925.72
OD849,91Aus,IN45Casply,7/18/2024,378,948.07
OD850,77Tim,IN678UnRotr,4/28/2024,101,102.05
OD851,35Jes,IN678CaRotr,9/10/2024,494,300.6
OD852,80Ter,IN98Be ADA,9/25/2024,359,346.22
OD853,65Oli,IN45Clsply,2/23/2024,282,275.24
OD854,95Kri,IN44PuMtrbrd,1/1/2024,471,22.03
OD855,72Chr,IN68ManPROCESR,9/23/2024,189,117
OD856,99Kri,IN62ReHDD,10/10/2024,184,843.84
OD857,62Dan,IN56TuSSD,8/5/2024,260,887.04
OD858,38Lee,IN453Hotdriv,9/13/2024,268,275.1
OD859,86Joh,IN32We-Key,5/27/2024,185,733.76
OD860,73Bri,IN34BilMtr,6/7/2024,216,342.55
OD861,44Sar,IN55CenGpu,7/12/2024,80,306.76
OD862,23Jon,IN45Lesply,4/12/2024,283,719.59
OD863,97Jen,IN55EarGpu,10/6/2024,301,553.79
OD864,54Sus,IN44TeMtrbrd,5/1/2024,79,167.25
OD865,75Pam,IN12PopMou,3/14/2024,182,98.32
OD866,47Mr.,IN45PrPntr,3/21/2024,333,875.42
OD867,65Oli,IN12WheMou,9/13/2024,245,913.36
OD868,58Dav,IN452BigGraph,1/15/2024,177,821.58
OD869,62Bar,IN98FutADA,7/21/2024,196,903.33
OD870,39Pat,IN345DemFAN,4/23/2024,198,261.8
OD871,43Kev,IN62OnHDD,7/23/2024,326,871.56
OD872,72Chr,IN33DroSCNR,7/2/2024,187,554.22
OD873,64Ste,IN56MeSSD,7/29/2024,197,401.76
OD874,62Dan,IN34EmpMtr,6/14/2024,488,373.08
OD875,92Kar,IN10OnCPU,3/3/2024,215,445.21
OD876,60Bre,IN452KeeGraph,4/21/2024,285,296.83
OD877,86Joh,IN678CuRotr,4/5/2024,98,424.85
OD878,23Jon,IN678UnRotr,4/21/2024,352,139.4
OD879,77Tim,IN34SenMtr,3/7/2024,358,439.76
OD880,87Sco,IN678CaRotr,1/5/2024,319,404.13
OD881,35Jes,IN34GovMtr,10/17/2024,384,678.83
OD882,66Mar,IN98NeaADA,2/6/2024,252,813.68
OD883,97Jen,IN34HeaMtr,6/20/2024,369,45.79
OD884,87Aar,IN98Be ADA,1/23/2024,95,69.54
OD885,80Ter,IN345UsuRAM,7/9/2024,281,529.72
OD886,75Pam,IN34SucMtr,9/14/2024,234,917.85
OD887,85Tay,IN378ReaMDM,9/30/2024,139,600.52
OD888,95Kri,IN12LatMou,3/9/2024,446,199.2
OD889,43Kev,IN68ManPROCESR,2/15/2024,140,58.09
OD890,27Bri,IN32Re-Key,5/15/2024,215,461.75
OD891,64Ste,IN378EcoMDM,2/13/2024,351,555.81
OD892,99Kri,IN56TuSSD,9/1/2024,257,276.96
OD893,62Nic,IN345AllRAM,9/12/2024,430,897.43
OD894,29Sha,IN453Hotdriv,1/24/2024,123,933.57
OD895,99Ken,IN452AssGraph,3/10/2024,221,278.61
OD896,38Lee,IN32Ap-Key,5/6/2024,430,102.92
OD897,60Bre,IN32We-Key,10/2/2024,310,429.48
OD898,86Joh,IN68IndPROCESR,8/20/2024,430,277.07
OD899,93Ale,IN34BilMtr,4/13/2024,340,49.15
OD900,73Bri,IN45Lesply,9/16/2024,398,434.69
OD901,44Sar,IN10ReCPU,6/22/2024,404,447.39
OD902,87Sco,IN62AgHDD,5/3/2024,352,287.66
OD903,35Jes,IN378AnoMDM,1/12/2024,135,841.52
OD904,66Mar,IN45Resply,5/29/2024,88,162.16
OD905,27Rob,IN55EarGpu,8/26/2024,198,890.02
OD906,97Jen,IN453Me driv,2/4/2024,406,997.09
OD907,54Sus,IN45PrPntr,9/12/2024,311,880.98
OD908,75Pam,IN45Sosply,2/26/2024,291,463.06
OD909,65And,IN12WheMou,2/22/2024,477,140.67
OD910,58Dav,IN98FutADA,7/23/2024,240,808.2
OD911,95Kri,IN345TotFAN,7/28/2024,319,564.07
OD912,64Ste,IN32Ac-Key,4/20/2024,269,352.06
OD913,99Kri,IN34EmpMtr,6/20/2024,470,901.04
OD914,99Bet,IN34FulMtr,5/8/2024,351,627.77
OD915,60Bre,IN678CuRotr,9/19/2024,343,355.27
OD916,67Kar,IN32Li-Key,6/21/2024,358,911.38
OD917,93Ale,IN12TeaMou,3/18/2024,116,589.99
OD918,62Mic,IN45Casply,5/28/2024,331,491.21
OD919,23Jon,IN34SenMtr,2/23/2024,123,811.96
OD920,91Aus,IN678CaRotr,4/7/2024,480,264.63
OD921,77Tim,IN32Wh-Key,4/10/2024,172,178.5
OD922,87Sco,IN34GovMtr,4/19/2024,87,400.89
OD923,88Jer,IN98Be ADA,7/8/2024,213,522.64
OD924,87Aar,IN345UsuRAM,2/25/2024,180,958.21
OD925,36Kay,IN34SucMtr,9/12/2024,103,711.26
OD926,54Sus,IN44HuMtrbrd,9/18/2024,392,124.7
OD927,75Pam,IN45Clsply,2/17/2024,172,399.99
OD928,47Mr.,IN378ReaMDM,10/8/2024,40,478.35
OD929,85Tay,IN33ParSCNR,2/28/2024,55,271.7
OD930,65Oli,IN12FacMou,3/20/2024,470,598.59
OD931,58Dav,IN45MePntr,1/24/2024,443,870.9
OD932,62Kel,IN44PuMtrbrd,9/8/2024,199,189.21
OD933,39Pat,IN12LatMou,3/18/2024,410,574.74
OD934,59Kur,IN68ManPROCESR,9/29/2024,334,569.11
OD935,95Kri,IN12AnyMou,7/21/2024,492,134.33
OD936,43Kev,IN678RaRotr,4/7/2024,339,10.25
OD937,64Ste,IN345AllRAM,8/26/2024,80,778.93
OD938,29Sha,IN32Ap-Key,7/22/2024,462,330.5
OD939,38Lee,IN56AdSSD,7/1/2024,246,71.39
OD940,86Joh,IN34BilMtr,8/3/2024,66,292.6
OD941,67Kar,IN55CenGpu,1/31/2024,7,370.25
OD942,93Ale,IN45Lesply,9/25/2024,239,492.93
OD943,62Mic,IN10ReCPU,1/13/2024,378,11.27
OD944,73Bri,IN345GirRAM,9/20/2024,444,690.86
OD945,91Aus,IN62AgHDD,3/19/2024,66,223.95
OD946,35Jes,IN55EarGpu,10/11/2024,289,794.43
OD947,66Mar,IN452AttGraph,6/5/2024,329,629.13
OD948,27Rob,IN453Me driv,4/17/2024,296,318.57
OD949,88Jer,IN12AffMou,9/25/2024,190,800.04
OD950,87Aar,IN44TeMtrbrd,5/24/2024,252,963.68
OD951,54Sus,IN33CouSCNR,8/1/2024,138,151.07
OD952,65And,IN32Pr-Key,6/5/2024,111,832.95
OD953,62Kel,IN345RocRAM,5/11/2024,497,739.01
OD954,62Bar,IN62OnHDD,5/23/2024,191,876.09
OD955,43Kev,IN45OnPntr,6/12/2024,18,618.64
OD956,72Chr,IN55TerGpu,1/12/2024,369,911.02
OD957,31Sea,IN34EmpMtr,4/4/2024,184,998.25
OD958,62Dan,IN34OthMtr,7/25/2024,62,728.09
OD959,60Bre,IN33StrWEB,9/30/2024,358,566.3
OD960,28Tin,IN32Li-Key,3/10/2024,74,54.96
OD961,73Bri,IN34SenMtr,1/26/2024,482,245.97
OD962,87Sco,IN678EvRotr,6/30/2024,195,794.57
OD963,27Rob,IN98FasADA,1/28/2024,114,395.45
OD964,88Jer,IN345UsuRAM,5/28/2024,363,496.72
OD965,36Kay,IN45Clsply,9/20/2024,219,476.66
OD966,54Sus,IN378ReaMDM,2/22/2024,70,379
OD967,47Mr.,IN33ParSCNR,4/17/2024,338,614.62
OD968,65Oli,IN44PuMtrbrd,7/2/2024,146,195.34
OD969,43Kev,IN62ReHDD,3/6/2024,195,93.53
OD970,62Ale,IN378EcoMDM,4/3/2024,456,433.37
OD971,62Nic,IN452AssGraph,7/17/2024,322,30.15
OD972,62Dan,IN32Ap-Key,3/21/2024,184,954.44
OD973,38Lee,IN345AskFAN,8/25/2024,8,600.15
OD974,60Bre,IN34BilMtr,4/15/2024,20,765.99
OD975,73Bri,IN45Stsply,2/3/2024,294,893.37
OD976,87Sco,IN55EarGpu,9/29/2024,39,284.68
OD977,69And,IN452AttGraph,2/18/2024,457,147.85
OD978,35Jes,IN453Me driv,2/1/2024,366,54.98
OD979,66Mar,IN12AffMou,7/24/2024,430,138.68
OD980,87Aar,IN45PrPntr,1/6/2024,169,499.75
OD981,47Mr.,IN98FutADA,2/7/2024,462,394.06
OD982,85Tay,IN55CloGpu,7/9/2024,160,449.2
OD983,59Kur,IN45OnPntr,2/8/2024,97,365.88
OD984,95Kri,IN56MeSSD,8/4/2024,58,315.58
OD985,43Kev,IN55TerGpu,2/16/2024,162,572.32
OD986,64Ste,IN34FulMtr,8/4/2024,57,592.56
OD987,99Kri,IN34OthMtr,6/29/2024,163,785.35
OD988,62Nic,IN452LeaGraph,1/19/2024,333,742.09
OD989,29Sha,IN45InPntr,1/3/2024,238,459.71
OD990,28Tin,IN45Casply,5/2/2024,197,151.84
OD991,23Jon,IN98NeaADA,5/10/2024,55,918.74
OD992,91Aus,IN678EvRotr,3/27/2024,187,403.02
OD993,77Tim,IN34ThiMtr,1/18/2024,132,378.19
OD994,69And,IN98Be ADA,6/20/2024,374,674.99
OD995,88Jer,IN34IntMtr,3/14/2024,355,215.46
OD996,50Kev,IN45Clsply,2/15/2024,366,200.8
OD997,80Ter,IN378ReaMDM,5/26/2024,463,887.36
OD998,58Dav,IN68ManPROCESR,1/19/2024,394,49.04
OD999,87Sco,IN34HeaMtr,8/11/2024,258,228.33
