WarehouseID,WarehouseName,Location
1,Davidport Warehouse,Bangalore
2,Port Paul Warehouse,switzerland
3,Maryton Warehouse,London
4,Port Erin Warehouse,Delhi
5,Lake Sherriville Warehouse,New York
6,West Stuartville Warehouse,Patna
7,West Robert Warehouse,Dubai
8,South Angela Warehouse,Pune
9,Ruizland Warehouse,Sweden
10,Kevinview Warehouse,Bangalore
11,Joshuaport Warehouse,switzerland
12,Holmesside Warehouse,London
13,Kimberlytown Warehouse,Delhi
14,Parksberg Warehouse,New York
15,Bushbury Warehouse,Patna
16,New Laceytown Warehouse,Dubai
17,North Kevinchester Warehouse,Pune
18,Port Bernardhaven Warehouse,Sweden
19,New Jasonburgh Warehouse,Bangalore
20,Rhondabury Warehouse,switzerland
21,East Jorge Warehouse,London
22,Courtneyfort Warehouse,Delhi
23,West Alyssamouth Warehouse,New York
24,Thompsonchester Warehouse,Patna
25,Orrberg Warehouse,Dubai
26,East Brittanyfurt Warehouse,Pune
27,North Annettefort Warehouse,Sweden
28,East Elizabethfort Warehouse,Bangalore
29,West Lisa Warehouse,switzerland
30,Jeremymouth Warehouse,London
31,Chavezland Warehouse,Delhi
32,Janicechester Warehouse,New York
33,West Andremouth Warehouse,Patna
34,South Katherine Warehouse,Dubai
35,Josephhaven Warehouse,Pune
36,Millsfurt Warehouse,Sweden
37,North Angelatown Warehouse,Bangalore
38,Obrienview Warehouse,switzerland
39,Kellytown Warehouse,London
40,Kennethbury Warehouse,Delhi
41,West Lindabury Warehouse,New York
42,Clarkhaven Warehouse,Patna
43,West Gwendolyn Warehouse,Dubai
44,Mckinneyland Warehouse,Pune
45,Amandaside Warehouse,Sweden
46,Christophertown Warehouse,Bangalore
47,Watsonfurt Warehouse,switzerland
48,Ellenview Warehouse,London
49,Lake Jennifer Warehouse,Delhi
50,Lake Shelbyville Warehouse,New York
51,Christopherbury Warehouse,Patna
52,East Katherinestad Warehouse,Dubai
53,Kevinfurt Warehouse,Pune
54,Danastad Warehouse,Sweden
55,New Jesse Warehouse,Bangalore
56,Lake Joannaton Warehouse,switzerland
57,Russellfurt Warehouse,London
58,Port Nicoleborough Warehouse,Delhi
59,Port Jennifer Warehouse,New York
60,Port Christophermouth Warehouse,Patna
61,Jamesport Warehouse,Dubai
62,West David Warehouse,Pune
63,Joannfort Warehouse,Sweden
64,Victoriabury Warehouse,Bangalore
65,North Linda Warehouse,switzerland
66,Matthewfurt Warehouse,London
67,West Mistyberg Warehouse,Delhi
68,Hernandezton Warehouse,New York
69,East Jessica Warehouse,Patna
70,South Stephen Warehouse,Dubai
71,New Robertside Warehouse,Pune
72,Grahamstad Warehouse,Sweden
73,North Jamesshire Warehouse,Bangalore
74,Amandafort Warehouse,switzerland
75,Sullivanfort Warehouse,London
76,South Stephanie Warehouse,Delhi
77,Port Eric Warehouse,New York
78,Davidstad Warehouse,Patna
79,Port Kiara Warehouse,Dubai
80,East Joshua Warehouse,Pune
81,Port Sonyaborough Warehouse,Sweden
82,North Brianville Warehouse,Bangalore
83,Lake Andreashire Warehouse,switzerland
84,Hawkinsland Warehouse,London
85,East Alexis Warehouse,Delhi
86,Griffintown Warehouse,New York
87,West Jerome Warehouse,Patna
88,Ruizside Warehouse,Dubai
89,Port Kelli Warehouse,Pune
90,Ashleytown Warehouse,Sweden
91,Michaelshire Warehouse,Bangalore
92,Annburgh Warehouse,switzerland
93,East Douglas Warehouse,London
94,Melissachester Warehouse,Delhi
95,Judithside Warehouse,New York
96,Christopherchester Warehouse,Patna
97,New Denise Warehouse,Dubai
98,East Michaelmouth Warehouse,Pune
99,North Jesse Warehouse,Sweden
100,Bensonfort Warehouse,Bangalore
